Date,Close,Open,High,Low,Volume,Change,RSI_14,EMA_12,EMA_26,MACD,MACD_signal,MACD_hist
2025-01-01,117008.08,115258.12,117341.03,114719.89,465170000.0,1.63,,117008.08,117008.08,0.0,0.0,0.0
2025-01-02,117119.66,117150.31,118367.81,116857.61,383720000.0,0.1,,117025.24615384615,117016.34518518519,8.900968660964281,1.7801937321928563,7.120774928771425
2025-01-03,117586.98,117484.9,117891.62,115580.02,398070000.0,0.4,,117111.66674556214,117058.61443072703,53.05231483510579,12.034617952775443,41.01769688233035
2025-01-06,116255.13,118309.5,118735.1,115941.95,369830000.0,-1.13,,116979.8918616295,116999.097065488,-19.205203858495224,5.7866535905213095,-24.991857449016535
2025-01-07,116052.68,116667.55,116843.41,113677.5,401230000.0,-0.17,,116837.24388291728,116928.99209767407,-91.74821475679346,-13.720320078941644,-78.02789467785182
2025-01-08,114148.46,116591.08,117750.23,113847.04,254280000.0,-1.64,,116423.58482400693,116723.02675710562,-299.4419330986857,-70.86464268289046,-228.57729041579523
2025-01-09,112638.26,114313.0,114329.95,112594.67,268880000.0,-1.32,,115841.22715877509,116420.45144176445,-579.2242829893657,-172.53657074418552,-406.68771224518025
2025-01-10,113247.29,112544.62,113554.07,112013.59,216220000.0,0.54,,115442.15990357893,116185.4024460782,-743.2425424992689,-286.6777650952022,-456.5647774040667
2025-01-13,114230.06,113715.5,114496.09,113083.86,198490000.0,0.87,,115255.68299533601,116040.56226488722,-784.8792695512093,-386.31806598640367,-398.5612035648056
2025-01-14,114804.17,114541.46,115044.79,113836.61,258820000.0,0.5,,115186.219457592,115948.97765267336,-762.7581950813619,-461.6060918053953,-301.1521032759666
2025-01-15,114495.71,115360.64,115773.39,114298.29,263600000.00000003,-0.27,,115079.98723334708,115841.32819691977,-761.3409635726857,-521.5530661588534,-239.7878974138323
2025-01-16,113836.74,114800.98,114884.63,113630.45,176920000.0,-0.58,,114888.71842821676,115692.84018233312,-804.1217541163642,-578.0668037503556,-226.0549503660086
2025-01-17,115272.08,114060.38,115356.12,113571.96,212260000.0,1.26,,114947.69713156801,115661.67276141956,-713.9756298515422,-605.2485689705929,-108.72706088094924
2025-01-20,115844.82,115868.94,116276.42,115668.08,268340000.0,0.5,,115085.7160344037,115675.23922353663,-589.5231891329313,-602.1034930030606,12.580303870129342
2025-01-21,115042.25,116320.3,116424.85,114783.72,338090000.0,-0.69,49.3061807620716,115079.02895218774,115628.35113290428,-549.3221807165392,-591.5472305457563,42.22504982921714
2025-01-22,113443.43,114996.26,115256.16,113359.38,358350000.0,-1.39,40.57725782692823,114827.39834415886,115466.50512305953,-639.1067789006629,-601.0591402167377,-38.04763868392524
2025-01-23,114037.79,113580.21,114319.62,113234.31,374090000.0,0.52,44.51011187833993,114705.92013736519,115360.67437320326,-654.7542358380742,-611.798159341005,-42.95607649706926
2025-01-24,114880.49,114407.66,115779.06,114383.17,280360000.0,0.74,49.6030403967931,114732.777039309,115325.10516037338,-592.3281210643763,-607.9041516856793,15.576030621302948
2025-01-27,113520.32,115075.86,115596.87,113482.23,231200000.0,-1.18,42.778354230362794,114546.24518710762,115191.4173707161,-645.1721836084762,-615.3577580702387,-29.814425538237515
2025-01-28,112030.36,113398.28,113644.72,111434.95,211430000.0,-1.31,36.8046563325207,114159.18592755261,114957.26497288527,-798.0790453326626,-651.9020155227234,-146.1770298099392
2025-01-29,111487.36,112274.42,112569.9,111157.19,201920000.0,-0.48,34.89234230273206,113748.1357848522,114700.23497489377,-952.0991900415684,-711.9414504264925,-240.1577396150759
2025-01-30,113206.4,111805.66,113400.57,111805.66,172240000.0,1.54,44.69016628983829,113664.79181795186,114589.58053230905,-924.7887143571861,-754.5109032126313,-170.2778111445548
2025-01-31,114255.73,113745.99,115106.99,113692.87,250680000.0,0.93,49.66916994457192,113755.70538442081,114564.85086324913,-809.1454788283154,-765.4378183357682,-43.707660492547234
2025-02-03,112745.01,114550.59,114620.79,112681.34,165870000.0,-1.32,43.585831233924466,113600.2137868176,114430.04783634178,-829.8340495241719,-778.3170645734489,-51.516984950722986
2025-02-04,111935.38,113091.72,113649.08,111828.11,170650000.0,-0.72,40.70826712434921,113344.08551192259,114245.25762624238,-901.1721143197938,-802.888074522718,-98.28403979707582
2025-02-06,110301.16,112053.96,112234.15,109405.54,174300000.0,-1.46,35.599334586560815,112875.94312547296,113953.10224652072,-1077.1591210477636,-857.7422838277271,-219.41683722003654
2025-02-07,110322.94,110575.28,110905.09,109686.53,129190000.0,0.02,35.71512920214019,112483.17341386175,113684.20133937104,-1201.02792550929,-926.3994121640397,-274.6285133452503
2025-02-10,111377.97,110610.81,111622.72,109948.57,193050000.0,0.96,41.22779439587119,112313.14211942148,113513.36938830651,-1200.2272688850353,-981.164983508239,-219.06228537679635
2025-02-11,113010.38,111834.21,113233.41,111834.21,244300000.0,1.47,48.57580040881939,112420.40948566434,113476.11091509863,-1055.7014294342953,-996.0722726934503,-59.62915674084502
2025-02-12,112924.94,113302.68,113436.72,112621.14,399900000.0,-0.08,48.235874438219724,112498.0295647929,113435.28343990614,-937.2538751132379,-984.3085931774078,47.05471806416995
2025-02-13,112564.08,113023.24,113477.71,112540.12,289290000.0,-0.32,46.7479225622536,112508.19117020938,113370.74985176495,-862.5586815555725,-959.9586108530408,97.39992929746825
2025-02-14,112085.3,113070.07,113482.13,111861.56,238580000.0,-0.43,44.77445071639437,112443.13099017716,113275.53134422681,-832.4003540496487,-934.4469594923625,102.04660544271371
2025-02-17,111743.53,112283.82,112524.81,111513.67,295850000.0,-0.3,43.367070862246685,112335.50006861144,113162.04976317298,-826.549694561545,-912.867506506199,86.31781194465395
2025-02-18,113088.48,112023.31,113252.55,111642.02,348500000.0,1.2,50.02434501918732,112451.3431349789,113156.6001510861,-705.2570161071926,-871.3454084263979,166.08839231920524
2025-02-19,113342.44,113465.7,114029.76,113060.26,461110000.0,0.22,51.19107543277347,112588.43496036677,113170.36606582046,-581.9311054536956,-813.4625478318575,231.53144237816184
2025-02-20,113739.16,113601.96,114202.14,113525.9,507750000.0,0.35,53.03559925965593,112765.46958184881,113212.49894983377,-447.0293679849565,-740.1759118624774,293.1465438775209
2025-02-21,112800.93,114441.59,114444.01,112813.87,216950000.0,-0.82,48.37916669239099,112770.92503079514,113182.01236095719,-411.08733016204496,-674.3581955223909,263.27086536034597
2025-02-24,114330.1,112700.1,114573.68,111857.34,214100000.0,1.36,55.27198182213629,113010.79810298051,113267.05588977518,-256.2577867946675,-590.7381137768463,334.4803269821788
2025-02-25,114528.09,114900.47,115889.6,114178.56,290830000.0,0.17,56.089527264945204,113244.2276255989,113360.4658238659,-116.23819826700492,-495.838130674878,379.5999324078731
2025-02-26,113862.33,114580.4,114762.93,113849.93,333210000.0,-0.58,52.6074483460052,113339.32029858368,113397.640948024,-58.32064944031299,-408.334634427965,350.013984987652
2025-02-27,113784.31,114045.13,114456.92,113729.53,207290000.0,-0.07,52.198481940949264,113407.78025264773,113426.2831000222,-18.502847374475095,-330.368277017267,311.8654296427919
2025-02-28,113251.67,113890.68,114265.97,113201.84,231450000.0,-0.47,49.376383313218916,113383.76329070193,113413.34879631686,-29.585505614930298,-270.2117227367997,240.6262171218694
2025-03-03,111986.89,113498.58,113591.83,111829.15,108000000.0,-1.12,43.3790250049717,113168.85970751701,113307.68518177487,-138.82547425785742,-243.93447304101124,105.10899878315382
2025-03-04,112743.8,112106.68,112877.02,111717.17,101170000.0,0.68,47.48957724613696,113103.46590636055,113265.9159090508,-162.4500026902533,-227.6375789708597,65.18757628060638
2025-03-05,112253.76,112952.94,113327.12,112146.1,152190000.0,-0.43,45.20161551066539,112972.74192076661,113190.94139726927,-218.19947650266113,-225.74995847722,7.550481974558863
2025-03-06,113713.18,112506.52,113871.22,112446.01,240890000.0,1.3,52.53577417054923,113086.65547141791,113229.62573821229,-142.9702667943784,-209.19402014065167,66.22375334627327
2025-03-07,114398.7,114169.2,114721.58,114169.2,233230000.0,0.6,55.545473126718505,113288.50847581515,113316.22383167804,-27.715355862892466,-172.89828728509985,145.1829314222074
2025-03-10,114356.34,114432.8,115048.42,114152.31,165910000.0,-0.04,55.312075135915585,113452.79024876667,113393.26947377596,59.52077499071311,-126.41447482993726,185.93524982065037
2025-03-11,114177.66,114180.1,114486.2,113610.31,171980000.0,-0.16,54.276070926965794,113564.30867203334,113451.37247571848,112.9361963148549,-78.54434060097883,191.48053691583374
2025-03-12,114084.54,114503.4,114661.89,114001.5,128440000.0,-0.08,53.71144590787979,113644.34426095129,113498.2737738134,146.0704871378839,-33.621375053206286,179.6918621910902
2025-03-13,115094.24,114429.93,115247.4,114429.93,210930000.0,0.89,58.725279649780994,113867.40514388186,113616.49349427166,250.9116496101924,23.285229879473455,227.62641973071894
2025-03-14,115536.17,115705.29,115730.98,115162.69,205480000.0,0.38,60.73021620948161,114124.13819866926,113758.69175395525,365.44644471400534,91.71747284637985,273.7289718676255
2025-03-17,116199.59,116012.73,116626.83,115883.22,286470000.0,0.57,63.58953440123254,114443.43847579707,113939.49903144005,503.93944435701997,174.1618671485079,329.77757720851207
2025-03-18,117001.09,116657.45,117202.1,116490.82,274470000.0,0.69,66.74033883413007,114836.92332567443,114166.28354762968,670.6397780447587,273.45744932775807,397.18232871700064
2025-03-19,117974.03,117198.36,118243.63,116882.8,301110000.0,0.83,70.12048845284217,115319.55512172452,114448.33884039785,871.2162813266768,393.00921572754186,478.207065599135
2025-03-20,118769.77,118525.01,119421.81,118444.04,401600000.0,0.67,72.57536042069883,115850.35741068999,114768.44485222021,1081.9125584697758,530.7898842759887,551.1226741937871
2025-03-21,118442.18,119078.91,119405.92,118334.4,172210000.0,-0.28,70.0247107855387,116249.09934750691,115040.57338168538,1208.5259658215364,666.3371005850983,542.1888652364381
2025-03-24,116439.62,118797.7,118797.7,116257.52,167110000.0,-1.69,56.86746324722768,116278.41021712124,115144.2064645235,1134.2037525977503,759.9104309876287,374.29332161012155
2025-03-25,116633.17,116375.71,116904.55,115877.88,158060000.0,0.17,57.694832659196024,116332.98864525644,115254.50005974398,1078.4885855124594,823.6260618925949,254.86252361986453
2025-03-26,117772.31,117935.8,118220.88,117178.23,231390000.0,0.98,62.280749019479636,116554.42269983237,115441.00449976294,1113.4182000694273,881.5844895279614,231.83371054146585
2025-03-27,117806.75,118037.7,118147.25,117551.42,193470000.0,0.03,62.41340791805723,116747.0884383197,115616.24490718791,1130.843531131788,931.4362978487268,199.40723328306126
2025-04-03,118938.11,117873.59,119179.46,117508.07,201030000.0,0.96,66.57250893763091,117084.16867857821,115862.30898813695,1221.8596904412552,989.5209763672326,232.33871407402262
2025-04-04,118791.66,119155.22,120796.67,118718.26,313410000.0,-0.12,65.56119356408442,117346.85965110463,116079.29795197866,1267.561699125974,1045.129120918981,222.43257820699296
2025-04-07,114909.49,117601.62,117601.62,110103.98,389420000.0,-3.27,45.729557622938174,116971.87970478085,115992.64551109135,979.2341936894954,1031.950135473084,-52.715941783588505
2025-04-08,115532.43,115800.77,116692.29,115560.91,338910000.0,0.54,48.42545554032251,116750.42590404533,115958.55547323273,791.8704308126034,983.934194540988,-192.06376372838452
2025-04-09,114153.16,115092.12,115092.12,112891.49,267600000.00000003,-1.19,43.29701005912857,116350.84653419221,115824.82247521548,526.0240589767345,892.3521674281374,-366.32810845140284
2025-04-10,116189.21,117094.15,117484.17,116130.9,391050000.0,1.78,51.46782887966583,116325.97937508572,115851.81414371805,474.165231367675,808.714780216045,-334.54954884837
2025-04-11,114853.33,115937.38,115937.38,114639.92,250710000.0,-1.15,46.71174600171398,116099.41793276483,115777.85235529448,321.5655774703482,711.2849396669056,-389.7193621965574
2025-04-14,116390.04,115448.73,116494.2,115246.21,273770000.0,1.34,52.18546677024765,116144.12902003179,115823.19958823563,320.9294317961612,633.2138380927568,-312.28440629659553
2025-04-15,116775.5,116739.03,117362.23,116645.69,215170000.0,0.33,53.47637907277647,116241.26301694996,115893.74035947744,347.52265747252386,576.0756019687102,-228.55294449618634
2025-04-16,116020.11,117187.51,117424.04,115776.12,248070000.0,-0.65,50.59361482771561,116207.23947588073,115903.10107359022,304.1384022905113,521.6881620330704,-217.5497597425591
2025-04-17,116901.13,116073.7,117216.03,115818.07,221690000.0,0.76,53.72673124647196,116313.99186420676,115977.02914221317,336.96272199359373,484.74307402517513,-147.7803520315814
2025-04-18,117315.59,117360.6,117888.13,116759.07,212790000.0,0.35,55.16709399667479,116468.08388509804,116076.18179834553,391.9020867525105,466.17487657064225,-74.27278981813174
2025-04-21,118383.38,117712.7,118827.47,117712.7,367340000.0,0.91,58.73120635054207,116762.74482585218,116247.08536883845,515.659457013724,476.0717926592587,39.587664354465346
2025-04-22,118430.35,118546.17,119217.19,118161.68,353610000.0,0.04,58.88603923599882,117019.29946802877,116408.80867485041,610.4907931783528,502.95559276307756,107.5352004152752
2025-04-23,117226.15,118422.67,118811.24,117120.39,242520000.0,-1.02,53.358777270783136,117051.12262679357,116469.35247671335,581.7701500802214,518.7185042265063,63.05164585371506
2025-04-24,115019.82,115269.3,116568.14,114661.2,197690000.0,-1.88,45.020690879398394,116738.61453036379,116361.97970066051,376.63482970328187,490.30176932186146,-113.66693961857959
2025-04-25,115469.35,115099.65,115844.89,113716.6,213620000.0,0.39,46.84329142853225,116543.34306415397,116295.85898209306,247.4840820609097,441.73823186967115,-194.25414980876144
2025-04-28,114063.9,116305.7,116658.95,113867.81,190220000.0,-1.22,42.13974412744622,116161.89028505336,116130.52868712321,31.36159793015395,359.66290508176775,-328.3013071516138
2025-04-29,114872.18,113869.98,115040.59,112935.57,185490000.0,0.71,45.527312221505454,115963.47331812208,116037.31767326224,-73.84435514015786,272.9614530373826,-346.8058081775405
2025-04-30,111326.58,114066.13,114066.13,110631.84,254490000.0,-3.09,35.663509969372214,115250.10511533407,115688.37414190947,-438.2690265754063,130.71535711482483,-568.9843836902312
2025-05-02,114113.94,112820.08,114546.88,112820.08,192300000.0,2.5,45.635381951341905,115075.31048220575,115571.74939065691,-496.438908451164,5.284504001627056,-501.7234124527911
2025-05-05,114102.24,114385.61,114552.21,113077.67,153680000.0,-0.01,45.603430225333334,114925.60733109717,115462.89684320084,-537.2895121036709,-103.23029921943252,-434.0592128842383
2025-05-06,113568.51,114392.83,115093.11,113418.52,165330000.0,-0.47,44.08699600066437,114716.82312631299,115322.57189185263,-605.7487655396399,-203.733992483474,-402.01477305616584
2025-05-07,110009.03,107007.68,112457.38,107007.68,261520000.0,-3.13,35.58781596766329,113992.54726072637,114928.97619615984,-936.428935433476,-350.2729810734744,-586.1559543600016
2025-05-08,103526.82,110842.45,111881.03,101598.91,308030000.0,-5.89,25.824135867662562,112382.43537446077,114084.37203348134,-1701.9366590205755,-620.6057166628946,-1081.330942357681
2025-05-09,107174.64,103949.69,107541.45,102420.82,238400000.0,3.52,36.39892359670637,111581.23608608218,113572.54003100123,-1991.3039449190546,-894.7453623141266,-1096.558582604928
2025-05-12,117297.73,117104.12,117327.78,115794.37,345350000.0,9.45,55.40092287545859,112460.69668822337,113848.48002870484,-1387.7833404814737,-993.3529579475961,-394.4303825338776
2025-05-13,118575.89,120067.12,120067.12,116859.93,366250000.0,1.09,57.14202130434774,113401.49565926593,114198.65854509707,-797.1628858311451,-954.114943524306,156.9520576931609
2025-05-14,118536.53,118950.61,119460.54,118148.65,273520000.0,-0.03,57.06813810283818,114191.50094245578,114519.98235657137,-328.4814141155948,-828.9882376425638,500.506823526969
2025-05-15,119961.91,118871.13,119990.3,118871.13,310690000.0,1.2,59.12907560536278,115079.25618207797,114923.08810793646,156.1680741415039,-631.9569752857503,788.1250494272542
2025-05-16,119649.14,120292.95,120506.18,119541.15,235070000.0,-0.26,58.465842156467055,115782.31523098904,115273.16602586709,509.14920512195386,-403.73573920420955,912.8849443261633
2025-05-19,119689.63,120164.33,120285.55,119250.68,119530000.0,0.03,58.53069059219398,116383.44058006766,115600.31150543249,783.1290746351733,-166.362776436333,949.4918510715063
2025-05-20,118971.13,119891.17,119900.38,118527.09,108110000.0,-0.6,56.8348975235049,116781.54664467264,115850.00176428934,931.5448803832987,53.218754927593324,878.3261254557054
2025-05-21,119931.46,119239.34,120106.21,119128.39,280860000.0,0.81,58.56294815580899,117266.14869933837,116152.3320039716,1113.8166953667678,265.3383430154282,848.4783523513396
2025-05-22,119153.04,120234.81,120699.18,119062.03,223280000.0,-0.65,56.585491589750546,117556.43966867094,116374.60667034407,1181.8329983268632,448.63727407771523,733.1957242491479
2025-05-23,119102.67,119214.78,119542.52,118665.26,99800000.0,-0.04,56.45265703711036,117794.32125810618,116576.68543550376,1217.6358226024167,602.4369837826556,615.1988388197611
2025-05-26,118221.12,119211.88,119290.94,118150.28,350580000.0,-0.74,54.060731980435776,117859.98260301293,116698.49540324422,1161.487199768715,714.2470269798675,447.24017278884753
2025-05-27,118332.91,118533.7,118807.92,118143.68,414610000.0,0.09,54.32502287990964,117932.74066408786,116819.56315115205,1113.1775129358139,794.0331241710569,319.14438876475697
2025-05-29,118971.41,118512.41,119639.47,118481.98,315840000.0,0.54,55.88607175007494,118092.53594653588,116978.95921402967,1113.5767325062043,857.9418458380865,255.63488666811782
2025-05-30,119691.09,119138.77,119913.88,118771.84,211930000.0,0.6,57.64328180579306,118338.46733937651,117179.85779076822,1158.6095486082922,918.0753863921277,240.53416221616453
2025-06-02,118877.81,120211.57,120590.77,118672.84,164320000.0,-0.68,54.978122379630314,118421.4431333186,117305.6320284891,1115.811104829496,957.6225300796015,158.18857474989443
2025-06-03,120450.87,119129.52,120693.83,119129.52,315240000.0,1.32,58.93320187232938,118733.66265126958,117538.61261897138,1195.050032298197,1005.1080305233206,189.94200177487642
2025-06-04,121798.87,120954.38,121882.48,120896.13,292410000.0,1.12,62.01282714040747,119205.2330126127,117854.18723978833,1351.0457728243782,1074.295578983532,276.7501938408461
2025-06-05,121641.0,122106.82,122281.58,121517.9,407560000.0,-0.13,61.43180231593551,119579.96639528767,118134.69188869289,1445.274506594782,1148.491364505782,296.78314208899997
2025-06-10,122024.44,122152.23,122611.53,121589.9,235300000.0,0.32,62.35439483836048,119956.0392575511,118422.82137841934,1533.217879131771,1225.43666743098,307.7812117007911
2025-06-11,124352.68,123290.25,124588.17,123237.99,332590000.0,1.91,67.44645867536885,120632.44552562016,118862.07016520308,1770.375360417078,1334.4244060281997,435.95095438887824
2025-06-12,124093.12,124807.1,126718.28,123846.56,371980000.0,-0.21,66.3686608231371,121164.85698321706,119249.555338151,1915.3016450660652,1450.5998538357728,464.70179123029243
2025-06-13,122143.57,122679.01,123058.06,121604.6,238190000.0,-1.57,58.77188860324703,121315.42821656828,119463.92679458424,1851.5014219840377,1530.780167465426,320.72125451861166
2025-06-16,122225.36,122168.26,122903.34,121889.96,181440000.0,0.07,58.98400284948191,121455.41772171162,119668.47740239282,1786.9403193188045,1582.0121978361017,204.92812148270286
2025-06-17,121971.04,122367.28,122891.61,121815.39,203250000.0,-0.21,57.98502188533097,121534.74422606369,119839.03759480816,1695.7066312555253,1604.7510845199865,90.95554673553875
2025-06-18,120465.93,121857.97,121905.5,120418.0,122210000.0,-1.23,52.33573407970837,121370.31126820773,119885.47406926683,1484.837198940906,1580.7683074041706,-95.93110846326454
2025-06-19,120002.59,121103.35,121745.3,119770.03,134100000.0,-0.38,50.69821349661297,121159.89261156038,119894.1493233952,1265.7432881651766,1517.763303556372,-252.02001539119533
2025-06-20,120023.24,120234.96,120828.86,119872.16,136800000.0,0.02,50.772140711175,120985.02297901263,119903.7115957363,1081.3113832763338,1430.4729195003645,-349.16153622403067
2025-06-23,116167.47,118272.0,118798.52,115887.49,196190000.0,-3.21,39.00985405531533,120243.86098224146,119626.95295901509,616.9080232263659,1267.7599402455648,-650.8519170191989
2025-06-24,122246.64,120499.53,122725.21,120369.54,318300000.0,5.23,56.22783331551738,120551.9808311274,119821.0038509399,730.9769801874936,1160.4033482339507,-429.4263680464571
2025-06-25,122761.64,122753.01,123256.55,122168.76,221150000.0,0.42,57.32690069530949,120891.92839556934,120038.82875087028,853.0996446990612,1098.942607526973,-245.84296282791183
2025-06-26,122046.46,123031.82,123417.87,122142.43,244240000.0,-0.58,55.25213916807336,121069.54864240483,120187.54217673173,882.0064656730974,1055.555379156198,-173.54891348310048
2025-06-27,124379.07,122229.42,125285.05,122222.7,220310000.0,1.91,60.299013359988926,121578.70577434255,120498.02571919606,1080.6800551464985,1060.580314354258,20.099740792240482
2025-06-30,125627.31,124884.07,125748.59,124500.21,258990000.0,1.0,62.72196034536218,122201.56796290523,120877.97270295932,1323.5952599459124,1113.183303472589,210.41195647332347
2025-07-01,128199.43,126114.17,128475.7,126113.28,336910000.0,2.05,67.16840064443602,123124.31596861212,121420.30287311049,1704.0130955016357,1231.3492618783982,472.66383362323745
2025-07-02,130344.03,128616.12,130545.95,128616.12,345790000.0,1.67,70.34456823374225,124235.04120421025,122081.31969732452,2153.721506885733,1415.8237108798653,737.8977960058678
2025-07-03,130686.66,130831.28,131325.11,129776.2,280010000.0,0.26,70.83009167485115,125227.59794202406,122718.75231233751,2508.845629686548,1634.4280946412018,874.4175350453461
2025-07-04,131949.06,130896.03,132129.59,130716.11,198950000.0,0.97,72.60944835466204,126261.6690278665,123402.47880771992,2859.1902201465855,1879.3805197422785,979.809700404307
2025-07-07,133370.16,132485.75,133862.02,132467.13,344250000.0,1.08,74.49551422955568,127355.28302357935,124140.82556270363,3214.457460875725,2146.3959079689675,1068.0615529067572
2025-07-08,133403.19,133746.63,134200.27,132696.36,324460000.0,0.02,74.53939693373067,128285.730250721,124826.92663213299,3458.8036185880046,2408.877450092775,1049.9261684952298
2025-07-09,132576.98,133524.94,133566.38,132326.19,161030000.0,-0.62,71.23758338168896,128945.92251984085,125401.0046593824,3544.9178604584595,2636.085532165912,908.8323282925476
2025-07-10,133782.34,132773.88,133902.34,132706.03,325790000.0,0.91,73.10905702122483,129689.98674755765,126021.84431424296,3668.142433314686,2842.4969123956666,825.6455209190194
2025-07-11,134299.77,134130.91,134931.95,134130.41,290060000.0,0.39,73.89431603610264,130399.18417101032,126635.0239946694,3764.1601763409126,3026.829565184716,737.3306111561965
2025-07-14,136502.55,134937.44,136841.5,134937.44,259910000.00000003,1.64,76.976649536927,131338.16352931643,127365.95184691613,3972.2116824003024,3215.9059886278333,756.3056937724691
2025-07-15,135939.88,136840.16,137747.61,135826.41,307740000.0,-0.41,74.55512230998936,132046.1199094216,128001.05763603344,4045.062273388161,3381.737245579899,663.3250278082619
2025-07-16,136379.97,136169.64,137232.11,135542.89,273100000.0,0.32,75.21194069725414,132712.8660772029,128621.71781114208,4091.1482660608162,3523.6194496760827,567.5288163847335
2025-07-17,138665.5,136674.98,138943.47,136674.98,299280000.0,1.68,78.33910966245136,133628.65591147938,129365.70167698342,4262.954234495963,3671.4864066400587,591.467827855904
2025-07-18,138597.36,139600.23,140585.39,138343.73,256320000.0,-0.05,78.02307713700506,134393.07192509793,130049.52821942909,4343.543705668839,3805.897866445815,537.6458392230238
2025-07-21,138217.58,139142.17,139201.16,138149.56,221760000.0,-0.27,76.17848594179276,134981.45778277516,130654.56909206398,4326.888690711188,3910.09603129889,416.79265941229824
2025-07-22,139419.63,138197.81,139901.78,138197.81,245770000.0,0.87,77.95497591484296,135664.25350850206,131303.8328630222,4360.42064547987,4000.160954135086,360.25969134478373
2025-07-23,139254.36,139966.08,140202.19,139105.05,193420000.0,-0.12,77.10359442916527,136216.57758411713,131892.76079909463,4323.8167850225,4064.8921203125687,258.9246647099312
2025-07-24,138692.67,139501.61,139867.83,138614.09,272660000.0,-0.4,74.13999002475079,136597.51487886833,132396.45777693947,4201.057101928862,4092.1251166358275,108.93198529303436
2025-07-25,139207.3,138876.06,139436.77,138808.64,190960000.0,0.37,75.08490188386402,136999.02028211937,132900.96460827728,4098.0556738420855,4093.3112280770792,4.744445765006276
2025-07-28,139380.06,139759.59,140149.23,139195.84,213990000.0,0.12,75.40973374612494,137365.33408487024,133380.89760025672,3984.436484613514,4071.5362793843665,-87.09979477085244
2025-07-29,137964.81,139733.06,140331.02,137636.38,212750000.0,-1.02,67.63087833017704,137457.56114873636,133720.44666690438,3737.114481831988,4004.651919873891,-267.537438041903
2025-07-30,138412.25,138141.59,139018.88,137658.81,167690000.0,0.32,68.72916105117224,137604.43635662307,134067.9876545411,3536.4487020819797,3911.011276315509,-374.5625742335292
2025-07-31,139390.42,139379.14,140215.22,139083.73,291210000.0,0.71,71.04234831282386,137879.20307098876,134462.24190235286,3416.9611686358985,3812.201254779587,-395.2400861436886
2025-08-01,141034.98,139634.91,141160.94,138957.7,304550000.0,1.18,74.46266903327688,138364.70721391356,134949.11139106748,3415.5958228460804,3732.880168392886,-317.2843455468055
2025-08-04,142052.66,141962.94,142323.34,141440.48,349230000.0,0.72,76.32612462935039,138932.08456561915,135475.30017691432,3456.7843887048366,3677.6610124552762,-220.87662375043965
2025-08-05,143037.17,142235.7,143281.34,142235.7,262320000.0,0.69,77.99869915741826,139563.63617090852,136035.43868232807,3528.197488580452,3647.7683076803114,-119.57081909985936
2025-08-06,145088.5,143409.59,145187.17,143409.59,383510000.0,1.43,81.00932392849204,140413.61522153797,136706.03581697043,3707.579404567543,3659.730527057758,47.84887750978487
2025-08-07,145647.14,145793.06,146081.03,145250.19,326590000.0,0.39,81.7420497092424,141218.7728797629,137368.3398305282,3850.433049234707,3697.871031493148,152.56201774155898
2025-08-08,145382.8,145999.41,146813.44,144917.19,276740000.0,-0.18,80.16586870403569,141859.39243672244,137962.00354678536,3897.3888899370795,3737.7746031819343,159.61428675514526
2025-08-11,146929.84,145650.33,147005.19,145258.5,299280000.0,1.06,82.31511482163057,142639.4612926113,138626.28772850498,4013.1735641063133,3792.8543953668104,220.31916873950286
2025-08-12,147005.31,147467.44,147976.98,146894.63,331790000.0,0.05,82.41522248751103,143311.13032451726,139246.95604491202,4064.174279605242,3847.118372214497,217.05590739074523
2025-08-13,146529.31,147334.3,147892.25,146417.8,298880000.0,-0.32,79.36378316169126,143806.23488997616,139786.38967121483,4019.8452187613293,3881.663741523864,138.18147723746551
2025-08-15,146491.63,146713.84,147534.41,146269.59,187000000.0,-0.03,79.11407101900969,144219.3725992106,140283.07414001372,3936.2984591968707,3892.5906850584656,43.70777413840506
2025-08-18,148196.42,146679.73,148395.72,146403.66,229070000.0,1.16,81.89039949610326,144831.22604548588,140869.2479074201,3961.9781380657805,3906.468175659929,55.50996240585164
2025-08-19,149770.75,148464.55,150323.39,148293.94,340190000.0,1.06,84.00492486845164,145591.1528077188,141528.6184327964,4062.5343749224267,3937.681415512429,124.85295940999777
2025-08-20,150591.0,150106.16,151261.67,149931.69,275220000.0,0.55,84.98840591428086,146360.36006806977,142199.90595629293,4160.4541117768385,3982.2359547653114,178.21815701152718
2025-08-21,149235.27,150948.94,151249.63,148272.58,426270000.0,-0.9,76.6045131023648,146802.65390375134,142721.0440336046,4081.6098701467563,4002.1107378416004,79.49913230515585
2025-08-22,149493.06,149659.84,150465.17,149448.94,335530000.0,0.17,77.06775742382032,147216.56253394345,143222.67484593016,3993.8876880132884,4000.4661278759386,-6.578439862650157
2025-08-25,148815.31,149828.16,150079.77,148757.14,210520000.0,-0.45,72.97656794063298,147462.52368256752,143636.94411660198,3825.5795659655414,3965.488815493859,-139.90924952831756
2025-08-26,148435.06,149096.34,149453.19,148312.58,161930000.0,-0.26,70.70861730640311,147612.14465448022,143992.3601079648,3619.7845465154096,3896.347961698169,-276.5634151827594
2025-08-27,147494.03,148841.67,149237.92,147337.02,186410000.0,-0.63,65.30004577740851,147593.97316917556,144251.74306293039,3342.2301062451734,3785.5243906075702,-443.29428436239687
2025-08-28,147343.52,147554.39,148042.0,147209.56,306530000.0,-0.1,64.4508931780338,147555.44191237932,144480.7635767874,3074.678335591918,3643.35517960444,-568.676844012522
2025-08-29,148617.78,147591.81,149234.95,147488.47,624600000.0,0.86,68.21895336664274,147718.87854124405,144787.2092377661,2931.6693034779455,3501.018004379141,-569.3487009011956
2025-09-01,149971.13,149079.23,150066.0,148500.2,511820000.0,0.91,71.65530562438181,148065.37876566805,145171.20336830194,2894.1753973661107,3379.649482976535,-485.4740856104245
2025-09-02,150975.48,150318.63,151075.67,150081.41,442000000.0,0.67,73.90988301497916,148513.08664787296,145601.14978546475,2911.9368624082126,3286.106958862871,-374.1700964546585
2025-09-03,152201.88,151320.5,152805.3,151320.5,337870000.0,0.81,76.38045049366642,149080.59331743096,146090.0927643192,2990.5005531117495,3226.985677712647,-236.4851246008975
2025-09-04,152665.72,152599.44,153411.06,152264.97,407270000.0,0.3,77.2576079808489,149632.15126859542,146577.17626325853,3054.9750053368916,3192.583543237496,-137.60853790060446
2025-09-05,154277.19,153149.44,154511.31,153129.78,471370000.0,1.06,80.0320640345906,150346.77261188845,147147.5476511653,3199.224960723135,3193.9118267346244,5.313133988510799
2025-09-08,156087.31,155057.34,156199.3,154944.88,492410000.0,1.17,82.59987939654029,151229.93221005946,147809.75226959752,3420.179940461938,3239.1654494800873,181.01449098185049
2025-09-09,156563.53,156640.09,157088.81,155044.27,480310000.0,0.31,83.21156162844828,152050.48571620416,148458.18024962733,3592.3054665768286,3309.793452899436,282.5120136773926
2025-09-10,157020.8,156571.73,157479.42,156079.53,437130000.0,0.29,83.80044128769276,152815.14945217274,149092.4483792846,3722.701072888158,3392.3749768971807,330.32609599097714
2025-09-11,156141.25,157284.66,157816.77,156103.81,402820000.0,-0.56,78.12403557555058,153326.85722876157,149614.5818326709,3712.2753960906703,3456.355060735879,255.9203353547914
2025-09-12,154439.69,156201.7,156519.14,154360.34,241100000.0,-1.09,68.46239984258472,153498.06227049057,149971.99725247305,3526.0650180175144,3470.297052192206,55.76796582530824
2025-09-15,155384.52,154612.19,155602.3,154486.2,274670000.0,0.61,70.63410248281507,153788.28653656895,150372.924863401,3415.361673167965,3459.3099763873583,-43.94830321939344
2025-09-16,156180.94,155960.66,156467.92,155781.84,423570000.0,0.51,72.36175106218221,154156.3870694045,150803.14820685275,3353.2388625517488,3438.095753620237,-84.85689106848804
2025-09-17,156177.81,156887.48,157196.59,155960.36,367850000.0,0.0,72.34373748628481,154467.37521257304,151201.27130264143,3266.1039099316113,3403.697384882512,-137.5934749509006
2025-09-18,157953.47,157020.08,158082.55,156978.84,555470000.0,1.14,75.99463277696387,155003.6974875618,151701.4341691124,3302.263318449375,3383.4105715958844,-81.14725314650923
2025-09-19,158037.38,158555.48,159337.45,157522.0,890890000.0,0.05,76.15482630702157,155470.41787409075,152170.7634899189,3299.654384171852,3366.659334111078,-67.00494993922575
2025-09-22,157554.66,158528.16,158850.34,157245.73,833290000.0,-0.31,73.13135071079687,155791.07050884602,152569.5706388138,3221.4998700322176,3337.627441295306,-116.12757126308861
2025-09-23,157945.03,158187.31,158831.22,157416.55,771290000.0,0.25,74.0293134008286,156122.44889210048,152967.75281371648,3154.696078384004,3301.041168713046,-146.3450903290418
2025-09-24,158236.69,158529.73,159046.59,158133.31,1030000000.0,0.18,74.70938855270134,156447.71675485425,153358.0444571449,3089.6722977093596,3258.767394512309,-169.09509680294923
2025-09-25,159280.09,158849.28,159537.59,158297.44,880270000.0,0.66,77.02704462292456,156883.46648487667,153796.71449735638,3086.751987520285,3224.3643131139042,-137.61232559361906
2025-09-26,162257.02,159901.56,162422.3,159901.56,562770000.0,1.87,82.07441768980104,157710.16702566488,154423.40379384853,3286.7632318163523,3236.844096854394,49.91913496195821
2025-09-29,163847.69,162920.48,163903.63,162058.64,483730000.0,0.98,84.08635462651343,158654.40132940875,155121.49906837827,3532.902261030482,3296.0557296896122,236.84653134086966
2025-09-30,165493.59,164354.55,166556.3,164208.34,629990000.0,1.0,85.85540299715181,159706.5842018074,155889.80210035024,3816.7821014571527,3400.2010040431205,416.58109741403223
2025-10-01,165640.34,166176.66,166522.61,164155.31,1000000000.0,0.09,86.00478863369837,160619.46970922165,156612.06416699098,4007.40554223067,3521.6419116806305,485.7636305500396
2025-10-02,168489.63,166079.48,168619.31,165567.22,776260000.0,1.72,88.53633066054726,161830.26360011063,157491.88385832496,4338.3797417856695,3684.989477701639,653.3902640840306
2025-10-03,168990.06,169041.41,169988.63,168613.41,831080000.0,0.3,88.91556749225964,162931.77073855515,158343.60060956015,4588.170128995,3865.6256079603113,722.5445210346884
2025-10-06,167752.41,169178.98,169326.34,165997.38,623770000.0,-0.73,81.71559253872584,163673.4075480082,159040.54945329644,4632.858094711759,4019.0721053106013,613.7859894011576
2025-10-07,166173.75,168299.2,168518.97,165997.2,629740000.0,-0.94,73.5360515967294,164058.0756175454,159568.93467897817,4489.1409385672305,4113.085871961927,376.0550666053032
2025-10-08,165266.75,166360.55,166947.2,165109.84,554830000.0,-0.55,69.24730638234654,164244.0255225384,159990.99507312794,4253.030449410464,4141.074787451635,111.9556619588293
2025-10-09,164530.81,165526.94,166729.97,164306.77,698870000.0,-0.45,65.88942418445413,164288.14621137865,160327.27766030366,3960.868551074993,4105.033540176306,-144.16498910131304
2025-10-10,163098.19,163984.81,165262.86,162411.27,607600000.0,-0.87,59.8094000636578,164105.0760250127,160532.53042620711,3572.545598805591,3998.535951902163,-425.9903530965721
2025-10-13,158443.42,161403.91,161988.13,157678.02,686330000.0,-2.85,45.21149949020757,163234.0520211646,160377.78150574732,2856.2705154172727,3770.082864605185,-913.8123491879123
2025-10-14,165476.02,160821.73,165866.78,160821.73,586850000.0,4.44,60.78472553086683,163578.97017175466,160755.4288016179,2823.5413701367506,3580.7745657114983,-757.2331955747477
2025-10-15,165686.38,166756.77,167561.69,165357.2,893800000.0,0.13,61.140535338816726,163903.18706840777,161120.6844459425,2782.502622465283,3421.1201770622556,-638.6175545969727
2025-10-16,164444.72,166280.38,166864.91,164261.66,1390000000.0,-0.75,57.80654830821772,163986.49982711425,161366.9093017986,2619.590525315667,3260.8142467129383,-641.2237213972712
2025-10-17,163806.22,164983.44,165030.81,163118.02,500440000.0,-0.39,56.11207818005061,163958.76446909667,161547.59898314683,2411.1654859498376,3090.8844945603187,-679.7190086104811
2025-10-20,166242.91,164912.41,166421.34,164281.95,704430000.0,1.49,60.8308122958095,164310.17147385102,161895.39979921005,2414.7716746409715,2955.6619305764493,-540.8902559354779
2025-10-21,167346.83,167004.66,168414.14,166923.59,1000000000.0,0.66,62.78309517749188,164777.3497086432,162299.209443713,2478.1402649301745,2860.157597447195,-382.01733251702035
2025-10-22,166553.28,167781.03,168163.22,166230.91,727760000.0,-0.47,60.450602998979655,165050.5697534673,162614.32578121577,2436.243972251541,2775.374872408064,-339.13090015652324
2025-10-23,164590.41,166457.67,166720.42,164395.39,485010000.0,-1.18,55.00687552134753,164979.77594524156,162760.7023900146,2219.0735552269616,2664.114608971844,-445.04105374488245
2025-10-24,163304.13,164414.44,165025.86,163041.98,424610000.0,-0.78,51.72000241738124,164721.98426135824,162800.95628705056,1921.0279743076826,2515.497282039012,-594.4693077313295
2025-10-27,162163.81,163308.91,163570.83,161766.63,363990000.0,-0.7,48.92870818540468,164328.41899038004,162753.76026578757,1574.6587245924748,2327.329570549705,-752.6708459572301
2025-10-28,160101.03,162444.28,163380.67,159805.34,374970000.0,-1.27,44.273861923891275,163678.05145339848,162557.2617275811,1120.7897258173907,2086.021601603242,-965.2318757858511
2025-10-29,158465.06,160607.77,160690.13,158306.84,390150000.0,-1.02,40.946744862291254,162876.05276826024,162254.1356736862,621.917094574048,1793.2007001974032,-1171.2836056233552
2025-10-30,156732.88,158996.02,159507.42,156327.61,378020000.0,-1.09,37.71499939753517,161930.94926545097,161845.15377193165,85.795493519312,1451.719658861785,-1365.924165342473
2025-10-31,161631.73,158195.55,162194.31,158195.55,408940000.0,3.13,49.785666519814406,161884.91553230467,161829.34460364043,55.57092866423773,1172.4899128222758,-1116.918984158038
2025-11-03,162803.16,162827.13,163935.03,161892.59,353000000.0,0.72,52.17255362039944,162026.18391195012,161901.47907744485,124.70483450527536,962.9328971588757,-838.2280626536003
2025-11-04,161281.77,163286.7,163384.95,161159.27,321600000.0,-0.93,48.92017515396642,161911.65869472703,161855.5747013378,56.08399338921299,781.5631164049431,-725.4791230157301
2025-11-05,159578.19,161368.19,162052.45,159216.86,333050000.0,-1.06,45.499789844255105,161552.66351092287,161686.87953827574,-134.2160273528716,598.4072876533803,-732.6233150062519
2025-11-06,159096.8,160240.88,160590.77,158252.63,286000000.0,-0.3,44.55186878902943,161174.83835539626,161495.02179469974,-320.18343930348055,414.68914226200815,-734.8725815654886
2025-11-07,159592.91,159393.02,160435.95,159005.14,216910000.0,0.31,45.80497476801165,160931.46476225837,161354.12462472197,-422.65986246359535,247.21934131688744,-669.8792037804828
2025-11-10,161538.41,160619.83,161881.45,160406.44,225010000.0,1.22,50.526789275933474,161024.84095268016,161367.77539326108,-342.9344405809243,129.18858493732512,-472.1230255182494
2025-11-11,157870.5,161516.75,161516.75,157765.92,291160000.0,-2.27,42.932193007683665,160539.55772919088,161108.71795672324,-569.160227532353,-10.481177556610504,-558.6790499757425
2025-11-12,158183.95,158068.17,159516.41,157203.55,217770000.0,0.2,43.710842535584376,160177.15654008457,160892.06847844744,-714.9119383628713,-151.36732971786267,-563.5446086450086
2025-11-13,160657.5,158971.48,160944.52,158971.48,254920000.0,1.56,49.55963443099767,160251.0555339177,160874.69303559948,-623.6375016817765,-245.82136411064545,-377.81613757113104
2025-11-14,161935.19,161308.72,162118.77,160791.78,239780000.0,0.8,52.3158006255462,160510.15314408424,160953.24836629583,-443.0952222115884,-285.2761357308341,-157.81908648075432
2025-11-17,161687.19,163077.95,163602.16,161481.69,521410000.0,-0.15,51.72500323143024,160691.23573730205,161007.61441323688,-316.3786759348295,-291.4966437716332,-24.8820321631963
2025-11-18,160935.13,162089.33,162344.66,160583.91,302860000.0,-0.47,49.885234611580884,160728.75793156328,161002.24519744155,-273.4872658782697,-287.8947681929605,14.407502314690817
2025-11-19,162226.28,161279.02,162741.73,161279.02,361890000.0,0.8,52.9775035329155,160959.145942092,161092.9144420755,-133.76849998350372,-257.0695145510692,123.30101456756546
2025-11-20,162936.94,162871.27,163817.83,162646.98,208140000.0,0.44,54.6366566402848,161263.42195100093,161229.50892784767,33.91302315326175,-198.873007010203,232.78603016346474
2025-11-21,162102.92,163016.59,163357.52,161853.59,254630000.0,-0.51,52.304184348819014,161392.5754970008,161294.20604430337,98.36945269742864,-139.42451506867667,237.7939677661053
2025-11-24,161984.09,162206.17,162385.33,161241.47,154380000.0,-0.07,51.963801547517434,161483.57772823144,161345.30855954016,138.26916869127308,-83.88577831668673,222.1549470079598
2025-11-25,161692.48,162394.41,162819.84,161276.81,162000000.0,-0.18,51.08520933267527,161515.71653927278,161371.0249625372,144.6915767355822,-38.17030730623294,182.86188404181513
2025-11-26,163188.53,161984.45,163397.23,160564.86,234700000.0,0.93,55.26418786433929,161773.0724563077,161505.65496531222,267.41749099548906,22.947252354111463,244.4702386413776
2025-11-27,165373.31,163509.3,165611.11,163509.3,175280000.0,1.34,60.56301694426983,162326.9551553373,161792.14793084463,534.8072244926589,125.31924678182095,409.4879777108379
2025-11-28,166677.7,165753.36,167005.05,165753.36,295620000.0,0.79,63.35387098499052,162996.30051605462,162154.04067670798,842.2598393466324,268.70736529478324,573.5524740518491
2025-12-01,168062.19,167229.27,168246.23,166024.8,306600000.0,0.83,66.09637120057448,163775.6681289693,162591.6813673222,1183.986761647102,451.76324456524696,732.223517081855
2025-12-02,167642.28,168499.02,169289.22,167445.94,291890000.0,-0.25,64.51927168656859,164370.53149374324,162965.79978455757,1404.7317091856676,642.3569374893311,762.3747716963364
2025-12-03,166145.34,168107.55,168160.88,166115.17,258780000.0,-0.89,59.10501692974282,164643.57895624428,163201.32128199775,1442.2576742465317,802.3370848407712,639.9205894057604
2025-12-04,166283.55,166501.19,166837.09,165886.27,167560000.0,0.08,59.44341692294206,164895.88219374514,163429.63452036827,1466.2476733768708,935.1192025479911,531.1284708288797
2025-12-05,167085.58,167772.2,167923.45,166369.73,225680000.0,0.48,61.43757891858903,165232.75877932282,163700.44529663728,1532.3134826855385,1054.5580585755006,477.7554241100379
2025-12-08,168303.25,167386.44,168755.19,167386.44,328070000.0,0.73,64.30707045490968,165705.14204404238,164041.39379318268,1663.7482508597022,1176.396097032341,487.35215382736124
2025-12-09,169456.39,169382.09,169601.05,168880.22,433910000.0,0.69,66.82470432141562,166282.2571141897,164442.5046233173,1839.7524908724008,1309.067375800353,530.6851150720479
2025-12-10,169451.86,169806.31,170697.75,169239.23,497180000.0,0.0,66.8047692087979,166769.88832739127,164813.56798455305,1956.3203428382112,1438.5179692079246,517.8023736302866
2025-12-11,168574.69,170089.28,170301.48,168548.45,656550000.0,-0.52,62.89231319949183,167047.55012317724,165092.16961532691,1955.380507850321,1541.890476936404,413.49003091391705
2025-12-12,169864.53,168937.33,170052.88,168421.55,309700000.0,0.77,66.04169131721923,167480.93164268843,165445.67779196936,2035.2538507190766,1640.5631516929386,394.69069902613796
2025-12-15,170741.34,170549.69,171001.7,170292.95,410450000.0,0.52,68.02816503073436,167982.53292842867,165837.94906663828,2144.5838617903937,1741.3672937124297,403.216568077964
2025-12-16,170447.3,171403.38,171922.59,170191.98,475390000.0,-0.17,66.6207191942287,168361.72786251656,166179.3824691095,2182.3453934070712,1829.562913651358,352.7824797557132
2025-12-17,170313.86,170737.14,171392.63,169230.5,435470000.0,-0.08,65.95383976469839,168662.05588366787,166485.64006399026,2176.4158196776116,1898.9334948566088,277.48232482100275
2025-12-18,171960.66,170804.66,172248.94,170804.66,392430000.0,0.97,69.95145474910166,169169.53344002663,166891.19709628727,2278.3363437393564,1974.8140646331585,303.52227910619786
2025-12-19,171404.48,172289.3,172674.66,171149.06,326400000.0,-0.32,67.08644061648923,169513.37137233024,167225.51434841414,2287.857023916091,2037.4226564897451,250.43436742634572
2025-12-22,171204.19,171624.56,172167.63,170858.66,326750000.0,-0.12,66.03750399071484,169773.49731504868,167520.23106334644,2253.26625170224,2080.5913755322445,172.6748761699955
2025-12-23,171073.73,171596.97,171867.31,170968.31,239250000.0,-0.08,65.32107914041904,169973.5331127335,167783.45320680225,2190.079905931256,2102.489081612047,87.59082431920888
2025-12-24,170830.22,171469.52,171587.31,170641.13,319890000.0,-0.14,63.92699686874144,170105.3310953899,168009.139635928,2096.191459461901,2101.2295571820177,-5.038097720116639
2025-12-26,172400.73,171220.16,172582.95,171146.14,346400000.0,0.92,68.58388794054112,170458.46938840684,168334.44262585926,2124.0267625475826,2105.7889982551305,18.237764292452084
2025-12-29,173896.34,173200.42,174411.73,173200.42,360620000.0,0.87,72.25696535649656,170987.37255942117,168746.43502394375,2240.937535477424,2132.8187056995894,108.11882977783443
2025-12-30,174472.8,174270.84,174805.16,174121.42,415890000.0,0.33,73.54102771869127,171523.59216566407,169170.61020735532,2352.981958308752,2176.851356221422,176.13060208732986
2025-12-31,174054.31,174791.31,175232.91,173564.33,414470000.0,-0.24,70.97285048878622,171912.9333709465,169532.36574755123,2380.567623395269,2217.5946096561916,162.9730137390775
2026-01-01,176355.48,174437.7,176658.39,174437.7,799090000.0,1.32,75.94694319605014,172596.40208310855,170037.78161810298,2558.6204650055734,2285.799780726068,272.82068427950526
2026-01-02,179034.94,177030.02,179467.84,176709.52,513440000.00000006,1.52,80.2012637798513,173586.94637801492,170704.2377945398,2882.7085834751197,2405.1815412758788,477.5270421992409
2026-01-05,182408.23,179535.47,183964.38,179535.47,633100000.0,1.88,84.03071464516648,174944.06693524338,171571.20018012944,3372.866755113937,2598.7185840434904,774.1481710704466
2026-01-06,185062.11,183121.45,185481.45,181182.06,596930000.0,1.45,86.27920306410353,176500.68894520594,172570.5268334532,3930.162111752754,2865.007289585343,1065.1548221674107
2026-01-07,186518.72,185845.56,187015.13,184896.7,569860000.0,0.79,87.33337797062393,178041.92449209734,173603.7263272715,4438.198164825852,3179.645464633445,1258.5527001924065
2026-01-08,185543.02,186998.48,187905.17,185199.38,576350000.0,-0.52,82.74726562085633,179195.9391856208,174488.11845117732,4707.820734443492,3485.2805185954544,1222.5402158480379
2026-01-09,184409.67,185700.13,186180.31,183700.84,393480000.0,-0.61,77.64668322555463,179998.0516186022,175223.04819553453,4775.003423067683,3743.2250994899005,1031.7783235777824
2026-01-12,182384.16,184045.17,184439.06,182303.56,418830000.0,-1.1,69.41185078519499,180365.14521574034,175753.50092179124,4611.644293949095,3916.9089383817395,694.7353555673558
2026-01-13,183951.52,182702.06,184304.88,180589.95,437360000.0,0.86,71.89569187231953,180916.8951825495,176360.76159425118,4556.133588298311,4044.753868365054,511.3797199332571
2026-01-14,182569.81,184400.81,184726.59,182369.88,444260000.0,-0.75,66.74987981961681,181171.18976984956,176820.69110578814,4350.4986640614225,4105.902827504328,244.59583655709412
2026-01-15,181456.34,183073.45,183717.55,180783.63,281310000.0,-0.61,62.84618147404646,181215.05903602653,177164.0725053594,4050.986530667142,4094.919568136891,-43.93303746974925
2026-01-16,185098.83,182559.69,185208.98,182559.69,381920000.0,2.01,69.1932862409383,181812.56226125322,177751.83231977723,4060.729941475991,4088.081642804711,-27.351701328720083
2026-01-19,187761.69,186151.23,187882.05,186127.34,450870000.0,1.44,72.84544427913585,182727.8126825989,178493.303259053,4234.509423545882,4117.367198952946,117.14222459293615
2026-01-20,188621.78,188579.17,188958.38,187192.02,454300000.0,0.46,73.92086314278511,183634.576885276,179243.56079541944,4391.016089856566,4172.0969771336695,218.9191127228969
2026-01-21,187033.27,189095.63,189523.44,186626.84,703360000.0,-0.84,68.5232282826588,184157.4527490797,179820.57629205502,4336.876457024686,4205.052873111873,131.82358391281286
2026-01-22,187688.16,187391.55,188106.81,186825.63,462470000.0,0.35,69.51163061021501,184700.63847999054,180403.3602704213,4297.278209569224,4223.497940403344,73.78026916587987
2026-01-23,189166.83,187926.5,189566.64,186637.56,407930000.0,0.79,71.6744003006724,185387.7448676843,181052.50617631603,4335.238691368257,4245.846090596327,89.39260077193012
2026-01-26,188587.66,189788.69,191032.73,188268.39,449790000.0,-0.31,69.59204349802181,185880.03950342519,181610.66571881116,4269.373784614028,4250.551629399867,18.822155214161285
2026-01-27,188202.86,188775.66,189521.31,187538.23,341590000.0,-0.2,68.17485061799886,186237.39650289825,182098.97640630664,4138.42009659161,4228.125322838216,-89.70522624660589
2026-01-28,188380.39,188901.75,189183.88,188179.52,423530000.0,0.09,68.49362919348694,186567.08781014467,182564.26630213577,4002.8215080088994,4183.064559872353,-180.24305186345373
2026-01-29,182338.13,188686.06,188923.41,181961.16,413820000.0,-3.21,50.09995932480556,185916.47891627625,182547.51546494054,3368.9634513357014,4020.244338165023,-651.2808868293214
2026-01-30,184174.48,183166.67,186619.52,182347.48,344200000.0,1.01,54.131520776559725,185648.47908300298,182668.03135642645,2980.447726576531,3812.2850158473248,-831.8372892707939
2026-02-02,185057.83,184441.94,185611.73,182792.41,215800000.0,0.48,55.97416717214577,185557.6099933102,182845.05347817263,2712.5565151375777,3592.3393157053756,-879.782800567798
2026-02-03,186900.73,185555.89,187518.8,185545.94,390200000.0,1.0,59.618851870873435,185764.24384049326,183145.47396127097,2618.7698792222945,3397.62542840876,-778.8555491864654
2026-02-04,187832.08,187193.3,188312.2,187018.69,767510000.0,0.5,61.359806710957706,186082.37248041737,183492.62996413978,2589.7425162775908,3236.048845982526,-646.3063297049353
2026-02-06,184129.58,188023.59,188036.31,183547.3,798690000.0,-1.97,51.79895331537488,185781.94286804547,183539.81144827756,2242.1314197679167,3037.265360739604,-795.1339409716875
2026-02-09,182340.38,185027.17,185650.59,180992.8,597720000.0,-0.97,47.91368716312482,185252.47165757694,183450.96467433107,1801.5069832458685,2790.113685240857,-988.6067019949887
2026-02-10,182153.55,183101.94,183216.67,181499.3,636100000.0,-0.1,47.5129275133161,184775.71447948818,183354.85988363987,1420.854595848301,2516.261867362346,-1095.407271514045
2026-02-11,183049.81,182739.72,183801.7,182054.66,350080000.0,0.49,49.68701282702545,184510.1907134131,183332.26359596287,1177.927117450221,2248.5949173799213,-1070.6677999297003
2026-02-12,180512.66,182700.31,182757.09,178725.25,448220000.0,-1.39,44.11619344903242,183895.1859882726,183123.404070336,771.7819179366052,1953.232317491258,-1181.450399554653
2026-02-13,179603.73,180577.78,180832.66,178237.14,379800000.0,-0.5,42.287030661161545,183234.96199007682,182862.68747253335,372.2745175434684,1637.0407575017002,-1264.7662399582318
2026-02-16,174453.94,179926.88,179969.23,173574.27,378710000.0,-2.87,33.74897977347571,181884.035530065,182239.81728938274,-355.7817593177315,1238.476254137814,-1594.2580134555456
2026-02-17,173150.42,174783.16,176131.34,171693.41,424960000.0,-0.75,31.988395308690272,180540.40237159346,181566.52860128033,-1026.1262296868663,785.555757372878,-1811.6819870597442
2026-02-18,178853.09,174328.61,178974.17,174328.61,424990000.0,3.29,45.40628184557014,180280.81585288676,181365.53314933364,-1084.7172964468773,411.501146608927,-1496.2184430558043
2026-02-19,172170.3,179279.73,179279.73,171647.34,229010000.0,-3.74,36.354676096690895,179033.04418321187,180684.40476790152,-1651.3605846896535,-1.071199650789083,-1650.2893850388643
2026-02-20,173169.7,172716.16,174148.33,169592.53,245480000.0,0.58,38.33446288630943,178130.9912319485,180127.75997027918,-1996.7687383306911,-400.2107073867695,-1596.5580309439215
2026-02-23,167691.08,172962.95,174336.86,166886.63,204730000.0,-3.16,32.38691416809169,176524.85104241795,179206.52441692515,-2681.673374507198,-856.5032408108552,-1825.1701336963426
2026-02-24,166258.55,167685.83,169237.52,163907.59,345390000.0,-0.85,31.031211091345455,174945.4201128152,178247.4152008566,-3301.995088041411,-1345.6016102569665,-1956.3934777844443
2026-02-25,164626.3,167607.55,168191.66,164229.36,351260000.0,-0.98,29.51518008511526,173357.8631723821,177238.44370449687,-3880.580532114778,-1852.597394628529,-2027.9831374862492
2026-02-26,168893.09,164815.44,169374.27,162953.64,355320000.0,2.59,38.03715036381305,172670.9749920156,176620.26935601563,-3949.2943640000303,-2271.9367885028296,-1677.3575754972007
2026-02-27,168062.17,167718.13,169379.97,165811.88,222440000.0,-0.49,37.09651741275003,171961.92807016705,175986.33607038483,-4024.4080002177798,-2622.43103084582,-1401.97696937196
2026-03-02,151973.0,152717.47,159328.59,151747.95,479700000.0,-9.57,24.475336387648255,168886.70836706442,174207.5704355415,-5320.862068477087,-3162.117238372073,-2158.7448301050135
2026-03-03,157132.09,151258.86,158217.02,151258.86,429920000.0,3.39,32.41564162396537,167078.3055413622,172942.7200329088,-5864.414491546602,-3702.576689006979,-2161.837802539623
2026-03-04,155777.2,157322.45,157962.48,154790.73,362160000.0,-0.86,31.479604063668347,165339.67391961417,171671.20003047114,-6331.526110856968,-4228.366573376978,-2103.159537479991
2026-03-05,161210.69,156310.7,161476.84,156250.3,402540000.0,3.49,39.07722853086862,164704.4456242889,170896.34743562143,-6191.901811332529,-4621.073620968088,-1570.828190364441
2026-03-06,157496.09,161435.83,161435.83,157072.66,196190000.0,-2.3,36.12792893439684,163595.46783593678,169903.73577372354,-6308.267937786761,-4958.512484331823,-1349.755453454938
2026-03-09,146480.16,150174.09,150174.09,144119.44,378010000.0,-6.99,29.11101328790582,160962.34355348497,168168.65608678106,-7206.312533296092,-5408.072494124676,-1798.2400391714154
2026-03-10,156177.13,156209.06,158354.13,155294.66,289650000.0,6.62,40.133650941791814,160226.15685294883,167280.39489516764,-7054.238042218814,-5737.3056037435035,-1316.9324384753108
2026-03-11,155858.48,157206.97,158624.52,155652.36,232660000.0,-0.2,39.914019364541716,159554.2065678798,166434.32712515522,-6880.120557275426,-5965.868594449888,-914.2519628255377
2026-03-12,154421.44,154679.7,157080.3,153503.7,202930000.0,-0.92,38.88064150916898,158764.55017282136,165544.48363440298,-6779.933461581619,-6128.681567876234,-651.2518937053846
2026-03-13,153866.17,154202.92,155002.11,152780.8,113040000.0,-0.36,38.466228546763844,158010.95322315654,164679.42336518795,-6668.470142031409,-6236.63928270727,-431.83085932413906
2026-03-16,149178.66,153581.45,153943.7,148747.72,153180000.0,-3.05,35.068135506130474,156652.13888113244,163531.2186714703,-6879.079790337855,-6365.127384233387,-513.9524061044685
2026-03-17,150016.16,150067.91,151503.47,148509.05,145540000.0,0.56,36.1533634635027,155631.2190532659,162530.10321432436,-6898.884161058464,-6471.878739598403,-427.00542146006137
2026-03-18,154292.27,150562.73,154684.45,150284.27,213820000.0,2.85,41.52698780784731,155425.22689122497,161919.89334659663,-6494.666455371655,-6476.436282753053,-18.2301726186015
2026-03-19,152740.38,152698.52,153322.97,150728.19,147440000.0,-1.01,40.20447341528398,155012.1735233442,161239.92939499687,-6227.755871652684,-6426.70020053298,198.94432888029587
2026-03-24,153966.36,157190.06,157442.69,153382.02,220480000.0,0.8,41.78185043084842,154851.2791351374,160701.14647684895,-5849.867341711564,-6311.333628768697,461.46628705713283
2026-03-25,158313.45,155359.94,158586.09,155199.7,348260000.0,2.82,47.109597682448474,155383.9208066547,160524.28007115645,-5140.359264501749,-6077.138755915308,936.7794914135593
2026-03-26,152907.97,157571.13,157591.23,152668.08,313130000.0,-3.41,41.96667395533343,155003.0052979386,159960.10895477448,-4957.103656835883,-5853.1317360994235,896.0280792635403
2026-03-27,151707.52,153041.83,153660.89,151457.95,244730000.0,-0.79,40.89883413766132,154496.00755979418,159348.8060692356,-4852.7985094414325,-5653.0650907678255,800.266581326393
2026-03-30,146842.97,151813.61,151813.61,144656.97,308120000.0,-3.21,36.811261021739874,153318.6171659797,158422.4478418848,-5103.830675905105,-5543.218207795282,439.38753189017734
2026-03-31,148743.31,147743.69,150225.63,147743.69,232740000.0,1.29,39.36091118073988,152614.72375582898,157705.47466841186,-5090.75091258288,-5452.724748752802,361.9738361699219
2026-04-01,155511.56,151262.77,157347.19,151262.77,420210000.0,4.55,47.4879064089626,153060.39087031683,157542.96247075172,-4482.571600434894,-5258.69411908922,776.1225186543261
2026-04-02,152011.27,152040.53,152272.64,150022.44,202910000.0,-2.25,44.18946764165916,152898.98765949885,157133.20747291826,-4234.219813419419,-5053.79925795526,819.5794445358415
2026-04-03,150398.7,149093.61,152103.63,148796.55,270150000.0,-1.06,42.7173944950612,152514.32801957594,156634.3550675169,-4120.027047940966,-4867.044815952402,747.0177680114357
2026-04-06,151207.81,150272.88,151875.02,147771.36,270550000.0,0.54,43.730277010114186,152313.3252473335,156232.38876621934,-3919.063518885843,-4677.4485565390905,758.3850376532473
2026-04-07,151673.45,150613.25,152013.05,149129.41,205230000.0,0.31,44.34024215400664,152214.88290158988,155894.68959835125,-3679.8066967613704,-4477.920184583547,798.1134878221765
2026-04-08,165811.02,164594.39,165924.14,162956.77,486660000.0,9.32,58.90562221265855,154306.5963013453,156629.23259106596,-2322.6362897206564,-4046.863405610969,1724.2271158903127
2026-04-09,165517.52,166382.34,166962.17,161993.0,456730000.0,-0.18,58.56299503505997,156031.35379344603,157287.624250987,-1256.270457540959,-3488.744815996967,2232.4743584560083
2026-04-10,167191.38,166221.33,168290.3,166221.33,452220000.0,1.01,59.992234710746935,157748.28090214665,158021.23578795092,-272.954885804269,-2845.586829958428,2572.631944154159
2026-04-13,160591.33,161837.7,163612.13,160158.92,324640000.0,-3.95,52.328079673022145,158185.67307104717,158211.61313699157,-25.9400659443927,-2281.657477155621,2255.7174112112284
2026-04-14,165634.84,163416.55,165763.81,163416.55,358200000.0,3.14,56.86318768092492,159331.69875242453,158761.48179351073,570.2169589138066,-1711.2825899417358,2281.4995488555423
2026-04-15,168519.94,169403.08,170640.27,168182.98,600690000.0,1.74,59.25128267709988,160745.2743289746,159484.33054954695,1260.9437794276455,-1116.8373160678595,2377.781095495505
2026-04-16,169911.95,170006.75,170899.16,168941.31,405310000.0,0.83,60.39065936768443,162155.53212451696,160256.74680513606,1898.7853193808987,-513.7127889781079,2412.4981083590064
2026-04-17,173939.02,171064.39,174404.03,170758.27,704340000.0,2.37,63.564664788150274,163968.3764130528,161270.24852327412,2698.127889778698,128.6553467732532,2569.4725430054445
2026-04-20,172196.7,172249.27,174523.77,169226.56,597870000.0,-1.0,61.276804057781035,165234.2723495062,162079.61529932788,3154.657050178328,733.8556874542683,2420.80136272406
2026-04-21,173155.8,173405.56,175298.13,172837.8,524200000.00000006,0.56,62.08578181409905,166452.96891112064,162900.0734253036,3552.8954858170473,1297.6636471268241,2255.2318386902234
2026-04-22,171579.31,173343.41,173452.66,171254.81,358030000.0,-0.91,59.87167382425528,167241.63677094824,163542.97983824406,3698.65693270418,1777.8623042422953,1920.7946284618845
2026-04-23,169173.38,171561.73,171561.73,168416.02,310840000.0,-1.4,56.5567933516749,167538.8280369562,163960.04651689267,3578.781520063523,2138.046147406541,1440.7353726569822
2026-04-24,170672.05,168045.69,171641.33,166380.72,445220000.0,0.89,58.112537704009775,168020.86218511677,164457.2319600858,3563.6302250309673,2423.1629629314266,1140.4672620995407
2026-04-27,169497.36,170553.98,171306.63,169268.33,357300000.0,-0.69,56.40741934176322,168248.0156950988,164830.57477785723,3417.4409172415617,2622.018553793454,795.4223634481077
2026-04-28,168412.23,168221.05,169313.91,168170.73,592490000.0,-0.64,54.80760818132921,168273.27943431438,165095.88257209005,3177.3968622243265,2733.094215479629,444.30264674469754
2026-04-29,165823.88,168863.86,169686.03,165391.47,448990000.0,-1.54,51.08576310807694,167896.44875211216,165149.80830749078,2746.6404446213855,2735.803461307981,10.836983313404744
2026-04-30,162994.17,164357.47,164357.47,160391.19,366140000.0,-1.71,47.30380166004971,167142.25202101798,164990.1313958248,2152.1206251931726,2619.066894085019,-466.94626889184656
2026-05-04,163948.94,164713.27,167245.55,163417.84,355710000.0,0.59,48.68421673324745,166650.97324855367,164913.0061072452,1737.9671413084725,2442.8469435297097,-704.8798022212372
2026-05-05,164742.47,162616.2,164920.34,162532.98,209980000.0,0.48,49.85983264643988,166357.3573641608,164900.37380300483,1456.9835611559683,2245.6742670549615,-788.6907058989932
2026-05-06,171704.77,167389.06,172088.58,167354.44,562660000.0,4.23,58.782086292880635,167180.03623121296,165404.4031509304,1775.6330802825687,2151.666029700483,-376.0329494179141
2026-05-07,172894.28,172548.88,173274.55,171541.05,429220000.0,0.69,60.088809245299785,168059.1506571802,165959.20884345408,2099.9418137261237,2141.321186505611,-41.37937277948731
2026-05-08,171115.81,171465.06,172287.45,170393.13,431760000.0,-1.03,57.17049154198012,168529.40594069095,166341.1792994945,2188.2266411964374,2150.7022774437764,37.524363752660975
2026-05-11,170506.31,170279.55,171304.11,169583.45,634150000.0,-0.36,56.16377521077066,168833.5450267385,166649.70749953197,2183.837527206517,2157.3293273963245,26.50819981019231
2026-05-12,168916.22,170758.16,171571.56,168823.31,424800000.0,-0.93,53.51617194640195,168846.2642533941,166817.59731438145,2028.666939012648,2131.5968497195895,-102.92991070694143
2026-05-13,167451.14,169038.94,169687.3,167329.34,208510000.0,-0.87,51.124771467280006,168631.62975287193,166864.52640220505,1767.1033506668755,2058.698149909047,-291.5947992421716
2026-05-14,166498.84,167979.48,168528.88,166398.91,185040000.0,-0.57,49.57410193179582,168303.50825243007,166837.43852056024,1466.0697318698221,1940.1724663012023,-474.1027344313802
2026-05-15,165596.06,166890.05,166924.48,165291.53,264750000.0,-0.54,48.08511341606011,167886.9777520562,166745.48455607428,1141.4931959819223,1780.4366122373465,-638.9434162554242
2026-05-18,161805.02,164799.34,164939.09,161613.52,195970000.0,-2.29,42.334757919293786,166951.29194404755,166379.5242185873,571.7677254602604,1538.7028348819294,-966.935109421669
2026-05-19,162896.69,163033.72,164309.66,162563.58,169980000.0,0.67,44.39681833281313,166327.5070295787,166121.53649869194,205.97053088675602,1272.156374082895,-1066.1858431961389
2026-05-20,164831.42,163514.39,165081.7,162895.73,172530000.0,1.19,47.94926682899538,166097.33979425888,166025.97231360365,71.36748065522988,1031.998595397362,-960.631114742132
2026-05-21,168514.45,166638.56,168869.19,166638.56,270580000.0,2.23,53.9772285892231,166469.20290283446,166210.30399407746,258.8989087569935,877.3786580692882,-618.4797493122948
2026-05-22,167844.25,169539.16,169624.78,167480.67,170380000.0,-0.4,52.77940738340478,166680.7486100907,166331.3370315532,349.4115785374888,771.7852421629284,-422.3736636254396
2026-05-25,171725.3,170747.3,171920.81,170161.66,261560000.0,2.31,58.51991793691146,167456.83343930752,166730.88984403075,725.9435952767672,762.6169127856962,-36.67331750892902
2026-05-29,173962.81,172118.02,174106.34,171545.47,313690000.0,1.3,61.43102148713126,168457.7529101833,167266.5876333618,1191.165276821499,848.3265855928568,342.83869122864223
2026-06-01,170600.2,174157.61,174171.64,170396.84,246940000.0,-1.93,55.1651815386764,168787.3601547705,167513.52188274244,1273.8382720280497,933.4289228798954,340.4093491481543
2026-06-02,171021.77,170615.48,171856.36,170248.47,189720000.0,0.25,55.774220308442736,169131.11551557505,167773.39211365042,1357.7234019246243,1018.2878186888413,339.43558323578304
2026-06-03,170190.64,170462.91,171624.45,169790.34,163720000.0,-0.49,54.210717647583984,169294.11928240967,167952.44751263928,1341.6717697703862,1082.9646089051503,258.7071608652359
2026-06-04,171175.52,170598.48,171455.77,170563.41,216200000.0,0.58,55.792195474077964,169583.56554665434,168191.19362281414,1392.3719238401973,1144.8460718921597,247.5258519480376
2026-06-05,170478.94,171651.48,172102.91,170254.66,174950000.0,-0.41,54.36209092262338,169721.31546255367,168360.6563174205,1360.6591451331624,1188.0086865403603,172.65045859280212
2026-06-08,168953.7,169254.14,169360.55,168432.45,137850000.0,-0.89,51.263565828268966,169603.22077600696,168404.58547909308,1198.6352969138825,1190.1340086150649,8.501288298817599
2026-06-09,170330.56,170442.16,171022.94,170250.27,209360000.0,0.81,53.82231269563288,169715.11911815975,168547.25025841952,1167.868859740236,1185.6809788400992,-17.81211909986314
2026-06-10,169427.44,169734.3,170729.56,169346.38,163010000.0,-0.53,51.89762009729584,169670.86079228902,168612.4494985366,1058.4112937524333,1160.2270418225662,-101.81574807013294
2026-06-11,169703.59,168877.78,170138.19,168682.25,186640000.0,0.16,52.45746232252924,169675.89605501379,168693.2747208672,982.6213341465918,1124.7059002873714,-142.08456614077954
2026-06-12,172399.91,171562.23,173093.45,170946.55,320000000.0,1.59,57.64131473352628,170094.9751234732,168967.84029709926,1127.1348263739492,1125.191685504687,1.9431408692621517
2026-06-15,177039.83,176814.48,177176.73,175085.8,457430000.0,2.69,64.76177457405605,171163.41433524655,169565.7654602771,1597.6488749694545,1219.6831233976404,377.96575157181405
2026-06-16,180392.98,178182.08,180503.55,177741.47,610920000.0,1.89,68.83849696653039,172583.3475144394,170367.7813521084,2215.5661623310007,1418.8597311843125,796.7064311466881
2026-06-17,180511.02,181282.13,181357.7,179564.17,526920000.0,0.07,68.97457117128369,173802.98943529488,171119.13236306334,2683.8570722315344,1671.859199393757,1011.9978728377773
2026-06-18,181398.22,181087.38,181869.34,181045.34,445720000.0,0.49,70.0337441829174,174971.48644524952,171880.54626209568,3090.9401831538416,1955.675396145774,1135.2647870080677
2026-06-19,178922.77,181585.16,182185.88,177836.16,458030000.0,-1.36,63.51801072090922,175579.37622290343,172402.19246490343,3177.183757999999,2199.977068516619,977.2066894833802
2026-06-22,178471.88,180146.06,180507.81,178337.14,230110000.0,-0.25,62.37959819387885,176024.3768039952,172851.79894898465,3172.577855010546,2394.497225815405,778.0806291951412
2026-06-23,177692.92,179307.69,179405.56,177674.38,292030000.0,-0.44,60.366665732292034,176281.0757572267,173210.40050831912,3070.675248907588,2529.7328304338416,540.9424184737463
2026-06-24,179571.27,178115.36,179919.27,177931.31,436670000.0,1.06,63.43106264826844,176787.25948688414,173681.5760262214,3105.6834606627526,2644.922956479624,460.76050418312843
2026-06-29,178414.8,179457.84,180272.02,178331.0,330970000.0,-0.64,60.33780260452147,177037.6503350558,174032.18520946425,3005.4651255915524,2717.0313903020096,288.4337352895427
2026-06-30,180301.7,179020.11,180150.41,179020.11,296020000.0,1.06,63.46810200207769,177539.8118219703,174496.59371246689,3043.2181095034175,2782.2687341422916,260.94937536112593
2026-07-01,184050.09,180733.45,184233.58,180565.84,472430000.0,2.08,68.74531685311064,178541.3930801287,175204.260104136,3337.1329759927175,2893.2415825123767,443.89139348034087
2026-07-02,184520.95,184840.56,185890.53,184214.8,423480000.0,0.26,69.34438236921697,179461.32491395506,175894.3852816074,3566.9396323476685,3027.9811924794353,538.9584398682332
2026-07-03,185372.2,184830.91,185668.66,184462.66,314710000.0,0.46,70.44721019526916,180370.69031180814,176596.44563111797,3774.2446806901717,3177.2338901215826,597.0107905685891
2026-07-06,187454.69,185910.39,187546.36,185910.39,392600000.0,1.12,73.00568120651678,181460.5364176838,177400.76002881292,4059.7763888708723,3353.742389871441,706.0339989994313
2026-07-07,186255.55,188012.67,188126.69,186189.2,395220000.0,-0.64,69.28605337508233,182198.23081496323,178056.670397049,4141.560417914239,3511.305995480001,630.2544224342382
2026-07-08,181629.38,184405.88,185215.56,179504.34,571940000.0,-2.48,57.181822351808464,182110.7153049689,178321.31555282313,3789.3997521457786,3566.924746813157,222.47500533262155
2026-07-09,181259.69,180064.8,182276.81,179411.36,470840000.0,-0.2,56.334849832235705,181979.7883349737,178538.97291928067,3440.8154156930395,3541.7028805891337,-100.88746489609412
2026-07-10,182241.78,181880.55,183477.56,181880.55,412980000.0,0.54,58.1099406303907,182020.09474497777,178813.25492525988,3206.8398197178904,3474.7302684148854,-267.890448696995
2026-07-13,179927.05,180125.8,181148.27,179448.52,365010000.0,-1.27,52.674670002855336,181698.08786113502,178895.75826412952,2802.329597005504,3340.2501341330094,-537.9205371275052
2026-07-14,173518.81,178112.05,178112.05,173349.42,409230000.0,-3.56,41.188611902906,180439.73742096042,178497.46580011994,1942.2716208404745,3060.6544314745024,-1118.382810634028
2026-07-15,175285.78,173870.27,176701.38,173870.27,248390000.0,1.02,44.7651082310065,179646.82089465883,178259.5631482592,1387.257746399613,2725.975094459525,-1338.7173480599117
2026-07-16,178123.56,175672.34,178431.73,175672.34,311880000.0,1.62,50.02178557184968,179412.47306471132,178249.48884098075,1162.984223730571,2413.376920313734,-1250.392696583163
2026-07-17,175802.8,178185.45,178694.48,175790.63,267060000.0,-1.3,46.153334675418854,178857.1387470634,178068.25263053773,788.8861165256822,2088.478759556124,-1299.5926430304416
2026-07-20,175927.73,174419.42,176129.34,173636.45,343880000.0,0.07,46.393668654943596,178406.46047828443,177909.69539864606,496.76507963836775,1770.1360235725726,-1273.370943934205
2026-07-21,176133.56,176930.75,178370.45,176062.7,448770000.0,0.12,46.814854082946525,178056.7834816253,177778.12981356116,278.6536680641293,1471.839552470884,-1193.1858844067547
2026-07-22,174429.94,175863.78,176255.64,174104.06,266160000.00000003,-0.97,43.75082926142684,177498.80756137523,177530.11575329737,-31.308191922144033,1171.2100035922783,-1202.5181955144224
2026-07-23,171739.45,174494.38,175237.59,171655.09,242210000.0,-1.54,39.368538100280475,176612.7525519329,177101.17754934944,-488.42499741652864,839.2830033905169,-1327.7080008070457
2026-07-24,171021.2,171166.52,172718.67,169512.88,228530000.0,-0.42,38.266583838438684,175752.5136977894,176650.80884199022,-898.2951442008198,491.76737387224966,-1390.0625180730694
2026-07-27,178262.34,175600.3,178588.34,175153.17,385160000.0,4.23,52.65478158708307,176138.6408212064,176770.1815203613,-631.5406991548953,267.10575926682066,-898.6464584217159
2026-07-28,177623.88,179104.13,179123.02,177434.95,478020000.0,-0.36,51.51471858442985,176367.13915640544,176833.41844477897,-466.2792883735383,120.42874973874888,-586.7080381122871
2026-07-29,176042.98,176935.03,176935.03,175631.73,193070000.0,-0.89,48.70281460593304,176317.26851695846,176774.86744886942,-457.5989319109649,4.823213408806112,-462.422145319771
2026-07-30,175547.98,175141.64,176234.3,174612.16,222460000.0,-0.28,47.822601491519805,176198.91643742638,176683.98689710133,-485.0704596749565,-93.15552120794642,-391.9149384670101
2026-07-31,176094.13,176405.33,177108.67,175934.98,210430000.0,0.31,48.91953434653709,176182.7954470531,176640.29379361236,-457.4983465592668,-166.02408627821052,-291.4742602810563
2026-08-03,178200.02,178460.72,178985.95,177759.88,255200000.0,1.2,53.020745858291185,176493.13768596802,176755.8290681596,-262.6913821915805,-185.35754546088452,-77.33383673069596
2026-08-04,177083.22,178716.2,178768.83,177043.09,263770000.0,-0.63,50.69610268029328,176583.91958043448,176780.08024829594,-196.16066786146257,-187.51816994100014,-8.642497920462432
2026-08-05,180014.94,179216.2,180202.39,178512.09,294900000.0,1.66,56.13332345458526,177111.76887575226,177019.69948916291,92.06938658934087,-131.60065863493193,223.6700452242728
2026-08-06,181776.59,180713.63,182007.05,180626.94,345780000.0,0.98,59.05529062364402,177829.43366409806,177372.0617492249,457.3719148731616,-13.806143933313237,471.17805880647484
2026-08-07,181430.02,181647.27,181647.27,180620.08,376060000.0,-0.19,58.23348445202561,178383.37002346758,177672.65124928232,710.718774185254,131.0988396904002,579.6199344948539
2026-08-10,181310.28,181989.95,182347.52,180820.23,434730000.0,-0.07,57.9335174684689,178833.66386601105,177942.105230817,891.5586351940583,283.19079879113184,608.3678364029265
2026-08-11,179846.69,181017.3,181017.3,179778.98,370240000.0,-0.81,54.25474229745753,178989.51404047088,178083.1855840898,906.3284563810739,407.81833030912026,498.51012607195366
