Date,EPU
2015-01-01,27.68496356
2015-01-02,27.68496356
2015-01-03,27.68496356
2015-01-04,27.68496356
2015-01-05,27.68496356
2015-01-06,27.68496356
2015-01-07,27.68496356
2015-01-08,27.68496356
2015-01-09,27.68496356
2015-01-10,27.68496356
2015-01-11,27.68496356
2015-01-12,27.68496356
2015-01-13,27.68496356
2015-01-14,27.68496356
2015-01-15,27.68496356
2015-01-16,27.68496356
2015-01-17,27.68496356
2015-01-18,27.68496356
2015-01-19,27.68496356
2015-01-20,27.68496356
2015-01-21,27.68496356
2015-01-22,27.68496356
2015-01-23,27.68496356
2015-01-24,27.68496356
2015-01-25,27.68496356
2015-01-26,27.68496356
2015-01-27,27.68496356
2015-01-28,27.68496356
2015-01-29,27.68496356
2015-01-30,27.68496356
2015-01-31,27.68496356
2015-02-01,46.22496014
2015-02-02,46.22496014
2015-02-03,46.22496014
2015-02-04,46.22496014
2015-02-05,46.22496014
2015-02-06,46.22496014
2015-02-07,46.22496014
2015-02-08,46.22496014
2015-02-09,46.22496014
2015-02-10,46.22496014
2015-02-11,46.22496014
2015-02-12,46.22496014
2015-02-13,46.22496014
2015-02-14,46.22496014
2015-02-15,46.22496014
2015-02-16,46.22496014
2015-02-17,46.22496014
2015-02-18,46.22496014
2015-02-19,46.22496014
2015-02-20,46.22496014
2015-02-21,46.22496014
2015-02-22,46.22496014
2015-02-23,46.22496014
2015-02-24,46.22496014
2015-02-25,46.22496014
2015-02-26,46.22496014
2015-02-27,46.22496014
2015-02-28,46.22496014
2015-03-01,43.63186592
2015-03-02,43.63186592
2015-03-03,43.63186592
2015-03-04,43.63186592
2015-03-05,43.63186592
2015-03-06,43.63186592
2015-03-07,43.63186592
2015-03-08,43.63186592
2015-03-09,43.63186592
2015-03-10,43.63186592
2015-03-11,43.63186592
2015-03-12,43.63186592
2015-03-13,43.63186592
2015-03-14,43.63186592
2015-03-15,43.63186592
2015-03-16,43.63186592
2015-03-17,43.63186592
2015-03-18,43.63186592
2015-03-19,43.63186592
2015-03-20,43.63186592
2015-03-21,43.63186592
2015-03-22,43.63186592
2015-03-23,43.63186592
2015-03-24,43.63186592
2015-03-25,43.63186592
2015-03-26,43.63186592
2015-03-27,43.63186592
2015-03-28,43.63186592
2015-03-29,43.63186592
2015-03-30,43.63186592
2015-03-31,43.63186592
2015-04-01,33.59374964
2015-04-02,33.59374964
2015-04-03,33.59374964
2015-04-04,33.59374964
2015-04-05,33.59374964
2015-04-06,33.59374964
2015-04-07,33.59374964
2015-04-08,33.59374964
2015-04-09,33.59374964
2015-04-10,33.59374964
2015-04-11,33.59374964
2015-04-12,33.59374964
2015-04-13,33.59374964
2015-04-14,33.59374964
2015-04-15,33.59374964
2015-04-16,33.59374964
2015-04-17,33.59374964
2015-04-18,33.59374964
2015-04-19,33.59374964
2015-04-20,33.59374964
2015-04-21,33.59374964
2015-04-22,33.59374964
2015-04-23,33.59374964
2015-04-24,33.59374964
2015-04-25,33.59374964
2015-04-26,33.59374964
2015-04-27,33.59374964
2015-04-28,33.59374964
2015-04-29,33.59374964
2015-04-30,33.59374964
2015-05-01,42.317006
2015-05-02,42.317006
2015-05-03,42.317006
2015-05-04,42.317006
2015-05-05,42.317006
2015-05-06,42.317006
2015-05-07,42.317006
2015-05-08,42.317006
2015-05-09,42.317006
2015-05-10,42.317006
2015-05-11,42.317006
2015-05-12,42.317006
2015-05-13,42.317006
2015-05-14,42.317006
2015-05-15,42.317006
2015-05-16,42.317006
2015-05-17,42.317006
2015-05-18,42.317006
2015-05-19,42.317006
2015-05-20,42.317006
2015-05-21,42.317006
2015-05-22,42.317006
2015-05-23,42.317006
2015-05-24,42.317006
2015-05-25,42.317006
2015-05-26,42.317006
2015-05-27,42.317006
2015-05-28,42.317006
2015-05-29,42.317006
2015-05-30,42.317006
2015-05-31,42.317006
2015-06-01,45.34824456
2015-06-02,45.34824456
2015-06-03,45.34824456
2015-06-04,45.34824456
2015-06-05,45.34824456
2015-06-06,45.34824456
2015-06-07,45.34824456
2015-06-08,45.34824456
2015-06-09,45.34824456
2015-06-10,45.34824456
2015-06-11,45.34824456
2015-06-12,45.34824456
2015-06-13,45.34824456
2015-06-14,45.34824456
2015-06-15,45.34824456
2015-06-16,45.34824456
2015-06-17,45.34824456
2015-06-18,45.34824456
2015-06-19,45.34824456
2015-06-20,45.34824456
2015-06-21,45.34824456
2015-06-22,45.34824456
2015-06-23,45.34824456
2015-06-24,45.34824456
2015-06-25,45.34824456
2015-06-26,45.34824456
2015-06-27,45.34824456
2015-06-28,45.34824456
2015-06-29,45.34824456
2015-06-30,45.34824456
2015-07-01,42.04634049
2015-07-02,42.04634049
2015-07-03,42.04634049
2015-07-04,42.04634049
2015-07-05,42.04634049
2015-07-06,42.04634049
2015-07-07,42.04634049
2015-07-08,42.04634049
2015-07-09,42.04634049
2015-07-10,42.04634049
2015-07-11,42.04634049
2015-07-12,42.04634049
2015-07-13,42.04634049
2015-07-14,42.04634049
2015-07-15,42.04634049
2015-07-16,42.04634049
2015-07-17,42.04634049
2015-07-18,42.04634049
2015-07-19,42.04634049
2015-07-20,42.04634049
2015-07-21,42.04634049
2015-07-22,42.04634049
2015-07-23,42.04634049
2015-07-24,42.04634049
2015-07-25,42.04634049
2015-07-26,42.04634049
2015-07-27,42.04634049
2015-07-28,42.04634049
2015-07-29,42.04634049
2015-07-30,42.04634049
2015-07-31,42.04634049
2015-08-01,40.09189127
2015-08-02,40.09189127
2015-08-03,40.09189127
2015-08-04,40.09189127
2015-08-05,40.09189127
2015-08-06,40.09189127
2015-08-07,40.09189127
2015-08-08,40.09189127
2015-08-09,40.09189127
2015-08-10,40.09189127
2015-08-11,40.09189127
2015-08-12,40.09189127
2015-08-13,40.09189127
2015-08-14,40.09189127
2015-08-15,40.09189127
2015-08-16,40.09189127
2015-08-17,40.09189127
2015-08-18,40.09189127
2015-08-19,40.09189127
2015-08-20,40.09189127
2015-08-21,40.09189127
2015-08-22,40.09189127
2015-08-23,40.09189127
2015-08-24,40.09189127
2015-08-25,40.09189127
2015-08-26,40.09189127
2015-08-27,40.09189127
2015-08-28,40.09189127
2015-08-29,40.09189127
2015-08-30,40.09189127
2015-08-31,40.09189127
2015-09-01,37.74714098
2015-09-02,37.74714098
2015-09-03,37.74714098
2015-09-04,37.74714098
2015-09-05,37.74714098
2015-09-06,37.74714098
2015-09-07,37.74714098
2015-09-08,37.74714098
2015-09-09,37.74714098
2015-09-10,37.74714098
2015-09-11,37.74714098
2015-09-12,37.74714098
2015-09-13,37.74714098
2015-09-14,37.74714098
2015-09-15,37.74714098
2015-09-16,37.74714098
2015-09-17,37.74714098
2015-09-18,37.74714098
2015-09-19,37.74714098
2015-09-20,37.74714098
2015-09-21,37.74714098
2015-09-22,37.74714098
2015-09-23,37.74714098
2015-09-24,37.74714098
2015-09-25,37.74714098
2015-09-26,37.74714098
2015-09-27,37.74714098
2015-09-28,37.74714098
2015-09-29,37.74714098
2015-09-30,37.74714098
2015-10-01,39.2149226
2015-10-02,39.2149226
2015-10-03,39.2149226
2015-10-04,39.2149226
2015-10-05,39.2149226
2015-10-06,39.2149226
2015-10-07,39.2149226
2015-10-08,39.2149226
2015-10-09,39.2149226
2015-10-10,39.2149226
2015-10-11,39.2149226
2015-10-12,39.2149226
2015-10-13,39.2149226
2015-10-14,39.2149226
2015-10-15,39.2149226
2015-10-16,39.2149226
2015-10-17,39.2149226
2015-10-18,39.2149226
2015-10-19,39.2149226
2015-10-20,39.2149226
2015-10-21,39.2149226
2015-10-22,39.2149226
2015-10-23,39.2149226
2015-10-24,39.2149226
2015-10-25,39.2149226
2015-10-26,39.2149226
2015-10-27,39.2149226
2015-10-28,39.2149226
2015-10-29,39.2149226
2015-10-30,39.2149226
2015-10-31,39.2149226
2015-11-01,42.3111148
2015-11-02,42.3111148
2015-11-03,42.3111148
2015-11-04,42.3111148
2015-11-05,42.3111148
2015-11-06,42.3111148
2015-11-07,42.3111148
2015-11-08,42.3111148
2015-11-09,42.3111148
2015-11-10,42.3111148
2015-11-11,42.3111148
2015-11-12,42.3111148
2015-11-13,42.3111148
2015-11-14,42.3111148
2015-11-15,42.3111148
2015-11-16,42.3111148
2015-11-17,42.3111148
2015-11-18,42.3111148
2015-11-19,42.3111148
2015-11-20,42.3111148
2015-11-21,42.3111148
2015-11-22,42.3111148
2015-11-23,42.3111148
2015-11-24,42.3111148
2015-11-25,42.3111148
2015-11-26,42.3111148
2015-11-27,42.3111148
2015-11-28,42.3111148
2015-11-29,42.3111148
2015-11-30,42.3111148
2015-12-01,44.32942877
2015-12-02,44.32942877
2015-12-03,44.32942877
2015-12-04,44.32942877
2015-12-05,44.32942877
2015-12-06,44.32942877
2015-12-07,44.32942877
2015-12-08,44.32942877
2015-12-09,44.32942877
2015-12-10,44.32942877
2015-12-11,44.32942877
2015-12-12,44.32942877
2015-12-13,44.32942877
2015-12-14,44.32942877
2015-12-15,44.32942877
2015-12-16,44.32942877
2015-12-17,44.32942877
2015-12-18,44.32942877
2015-12-19,44.32942877
2015-12-20,44.32942877
2015-12-21,44.32942877
2015-12-22,44.32942877
2015-12-23,44.32942877
2015-12-24,44.32942877
2015-12-25,44.32942877
2015-12-26,44.32942877
2015-12-27,44.32942877
2015-12-28,44.32942877
2015-12-29,44.32942877
2015-12-30,44.32942877
2015-12-31,44.32942877
2016-01-01,32.97007821
2016-01-02,32.97007821
2016-01-03,32.97007821
2016-01-04,32.97007821
2016-01-05,32.97007821
2016-01-06,32.97007821
2016-01-07,32.97007821
2016-01-08,32.97007821
2016-01-09,32.97007821
2016-01-10,32.97007821
2016-01-11,32.97007821
2016-01-12,32.97007821
2016-01-13,32.97007821
2016-01-14,32.97007821
2016-01-15,32.97007821
2016-01-16,32.97007821
2016-01-17,32.97007821
2016-01-18,32.97007821
2016-01-19,32.97007821
2016-01-20,32.97007821
2016-01-21,32.97007821
2016-01-22,32.97007821
2016-01-23,32.97007821
2016-01-24,32.97007821
2016-01-25,32.97007821
2016-01-26,32.97007821
2016-01-27,32.97007821
2016-01-28,32.97007821
2016-01-29,32.97007821
2016-01-30,32.97007821
2016-01-31,32.97007821
2016-02-01,40.15397179
2016-02-02,40.15397179
2016-02-03,40.15397179
2016-02-04,40.15397179
2016-02-05,40.15397179
2016-02-06,40.15397179
2016-02-07,40.15397179
2016-02-08,40.15397179
2016-02-09,40.15397179
2016-02-10,40.15397179
2016-02-11,40.15397179
2016-02-12,40.15397179
2016-02-13,40.15397179
2016-02-14,40.15397179
2016-02-15,40.15397179
2016-02-16,40.15397179
2016-02-17,40.15397179
2016-02-18,40.15397179
2016-02-19,40.15397179
2016-02-20,40.15397179
2016-02-21,40.15397179
2016-02-22,40.15397179
2016-02-23,40.15397179
2016-02-24,40.15397179
2016-02-25,40.15397179
2016-02-26,40.15397179
2016-02-27,40.15397179
2016-02-28,40.15397179
2016-02-29,40.15397179
2016-03-01,36.17503303
2016-03-02,36.17503303
2016-03-03,36.17503303
2016-03-04,36.17503303
2016-03-05,36.17503303
2016-03-06,36.17503303
2016-03-07,36.17503303
2016-03-08,36.17503303
2016-03-09,36.17503303
2016-03-10,36.17503303
2016-03-11,36.17503303
2016-03-12,36.17503303
2016-03-13,36.17503303
2016-03-14,36.17503303
2016-03-15,36.17503303
2016-03-16,36.17503303
2016-03-17,36.17503303
2016-03-18,36.17503303
2016-03-19,36.17503303
2016-03-20,36.17503303
2016-03-21,36.17503303
2016-03-22,36.17503303
2016-03-23,36.17503303
2016-03-24,36.17503303
2016-03-25,36.17503303
2016-03-26,36.17503303
2016-03-27,36.17503303
2016-03-28,36.17503303
2016-03-29,36.17503303
2016-03-30,36.17503303
2016-03-31,36.17503303
2016-04-01,30.02175999
2016-04-02,30.02175999
2016-04-03,30.02175999
2016-04-04,30.02175999
2016-04-05,30.02175999
2016-04-06,30.02175999
2016-04-07,30.02175999
2016-04-08,30.02175999
2016-04-09,30.02175999
2016-04-10,30.02175999
2016-04-11,30.02175999
2016-04-12,30.02175999
2016-04-13,30.02175999
2016-04-14,30.02175999
2016-04-15,30.02175999
2016-04-16,30.02175999
2016-04-17,30.02175999
2016-04-18,30.02175999
2016-04-19,30.02175999
2016-04-20,30.02175999
2016-04-21,30.02175999
2016-04-22,30.02175999
2016-04-23,30.02175999
2016-04-24,30.02175999
2016-04-25,30.02175999
2016-04-26,30.02175999
2016-04-27,30.02175999
2016-04-28,30.02175999
2016-04-29,30.02175999
2016-04-30,30.02175999
2016-05-01,44.15577997
2016-05-02,44.15577997
2016-05-03,44.15577997
2016-05-04,44.15577997
2016-05-05,44.15577997
2016-05-06,44.15577997
2016-05-07,44.15577997
2016-05-08,44.15577997
2016-05-09,44.15577997
2016-05-10,44.15577997
2016-05-11,44.15577997
2016-05-12,44.15577997
2016-05-13,44.15577997
2016-05-14,44.15577997
2016-05-15,44.15577997
2016-05-16,44.15577997
2016-05-17,44.15577997
2016-05-18,44.15577997
2016-05-19,44.15577997
2016-05-20,44.15577997
2016-05-21,44.15577997
2016-05-22,44.15577997
2016-05-23,44.15577997
2016-05-24,44.15577997
2016-05-25,44.15577997
2016-05-26,44.15577997
2016-05-27,44.15577997
2016-05-28,44.15577997
2016-05-29,44.15577997
2016-05-30,44.15577997
2016-05-31,44.15577997
2016-06-01,55.66437913
2016-06-02,55.66437913
2016-06-03,55.66437913
2016-06-04,55.66437913
2016-06-05,55.66437913
2016-06-06,55.66437913
2016-06-07,55.66437913
2016-06-08,55.66437913
2016-06-09,55.66437913
2016-06-10,55.66437913
2016-06-11,55.66437913
2016-06-12,55.66437913
2016-06-13,55.66437913
2016-06-14,55.66437913
2016-06-15,55.66437913
2016-06-16,55.66437913
2016-06-17,55.66437913
2016-06-18,55.66437913
2016-06-19,55.66437913
2016-06-20,55.66437913
2016-06-21,55.66437913
2016-06-22,55.66437913
2016-06-23,55.66437913
2016-06-24,55.66437913
2016-06-25,55.66437913
2016-06-26,55.66437913
2016-06-27,55.66437913
2016-06-28,55.66437913
2016-06-29,55.66437913
2016-06-30,55.66437913
2016-07-01,66.26226163
2016-07-02,66.26226163
2016-07-03,66.26226163
2016-07-04,66.26226163
2016-07-05,66.26226163
2016-07-06,66.26226163
2016-07-07,66.26226163
2016-07-08,66.26226163
2016-07-09,66.26226163
2016-07-10,66.26226163
2016-07-11,66.26226163
2016-07-12,66.26226163
2016-07-13,66.26226163
2016-07-14,66.26226163
2016-07-15,66.26226163
2016-07-16,66.26226163
2016-07-17,66.26226163
2016-07-18,66.26226163
2016-07-19,66.26226163
2016-07-20,66.26226163
2016-07-21,66.26226163
2016-07-22,66.26226163
2016-07-23,66.26226163
2016-07-24,66.26226163
2016-07-25,66.26226163
2016-07-26,66.26226163
2016-07-27,66.26226163
2016-07-28,66.26226163
2016-07-29,66.26226163
2016-07-30,66.26226163
2016-07-31,66.26226163
2016-08-01,28.22070331
2016-08-02,28.22070331
2016-08-03,28.22070331
2016-08-04,28.22070331
2016-08-05,28.22070331
2016-08-06,28.22070331
2016-08-07,28.22070331
2016-08-08,28.22070331
2016-08-09,28.22070331
2016-08-10,28.22070331
2016-08-11,28.22070331
2016-08-12,28.22070331
2016-08-13,28.22070331
2016-08-14,28.22070331
2016-08-15,28.22070331
2016-08-16,28.22070331
2016-08-17,28.22070331
2016-08-18,28.22070331
2016-08-19,28.22070331
2016-08-20,28.22070331
2016-08-21,28.22070331
2016-08-22,28.22070331
2016-08-23,28.22070331
2016-08-24,28.22070331
2016-08-25,28.22070331
2016-08-26,28.22070331
2016-08-27,28.22070331
2016-08-28,28.22070331
2016-08-29,28.22070331
2016-08-30,28.22070331
2016-08-31,28.22070331
2016-09-01,42.47059705
2016-09-02,42.47059705
2016-09-03,42.47059705
2016-09-04,42.47059705
2016-09-05,42.47059705
2016-09-06,42.47059705
2016-09-07,42.47059705
2016-09-08,42.47059705
2016-09-09,42.47059705
2016-09-10,42.47059705
2016-09-11,42.47059705
2016-09-12,42.47059705
2016-09-13,42.47059705
2016-09-14,42.47059705
2016-09-15,42.47059705
2016-09-16,42.47059705
2016-09-17,42.47059705
2016-09-18,42.47059705
2016-09-19,42.47059705
2016-09-20,42.47059705
2016-09-21,42.47059705
2016-09-22,42.47059705
2016-09-23,42.47059705
2016-09-24,42.47059705
2016-09-25,42.47059705
2016-09-26,42.47059705
2016-09-27,42.47059705
2016-09-28,42.47059705
2016-09-29,42.47059705
2016-09-30,42.47059705
2016-10-01,58.68064956
2016-10-02,58.68064956
2016-10-03,58.68064956
2016-10-04,58.68064956
2016-10-05,58.68064956
2016-10-06,58.68064956
2016-10-07,58.68064956
2016-10-08,58.68064956
2016-10-09,58.68064956
2016-10-10,58.68064956
2016-10-11,58.68064956
2016-10-12,58.68064956
2016-10-13,58.68064956
2016-10-14,58.68064956
2016-10-15,58.68064956
2016-10-16,58.68064956
2016-10-17,58.68064956
2016-10-18,58.68064956
2016-10-19,58.68064956
2016-10-20,58.68064956
2016-10-21,58.68064956
2016-10-22,58.68064956
2016-10-23,58.68064956
2016-10-24,58.68064956
2016-10-25,58.68064956
2016-10-26,58.68064956
2016-10-27,58.68064956
2016-10-28,58.68064956
2016-10-29,58.68064956
2016-10-30,58.68064956
2016-10-31,58.68064956
2016-11-01,57.66794524
2016-11-02,57.66794524
2016-11-03,57.66794524
2016-11-04,57.66794524
2016-11-05,57.66794524
2016-11-06,57.66794524
2016-11-07,57.66794524
2016-11-08,57.66794524
2016-11-09,57.66794524
2016-11-10,57.66794524
2016-11-11,57.66794524
2016-11-12,57.66794524
2016-11-13,57.66794524
2016-11-14,57.66794524
2016-11-15,57.66794524
2016-11-16,57.66794524
2016-11-17,57.66794524
2016-11-18,57.66794524
2016-11-19,57.66794524
2016-11-20,57.66794524
2016-11-21,57.66794524
2016-11-22,57.66794524
2016-11-23,57.66794524
2016-11-24,57.66794524
2016-11-25,57.66794524
2016-11-26,57.66794524
2016-11-27,57.66794524
2016-11-28,57.66794524
2016-11-29,57.66794524
2016-11-30,57.66794524
2016-12-01,39.70024444
2016-12-02,39.70024444
2016-12-03,39.70024444
2016-12-04,39.70024444
2016-12-05,39.70024444
2016-12-06,39.70024444
2016-12-07,39.70024444
2016-12-08,39.70024444
2016-12-09,39.70024444
2016-12-10,39.70024444
2016-12-11,39.70024444
2016-12-12,39.70024444
2016-12-13,39.70024444
2016-12-14,39.70024444
2016-12-15,39.70024444
2016-12-16,39.70024444
2016-12-17,39.70024444
2016-12-18,39.70024444
2016-12-19,39.70024444
2016-12-20,39.70024444
2016-12-21,39.70024444
2016-12-22,39.70024444
2016-12-23,39.70024444
2016-12-24,39.70024444
2016-12-25,39.70024444
2016-12-26,39.70024444
2016-12-27,39.70024444
2016-12-28,39.70024444
2016-12-29,39.70024444
2016-12-30,39.70024444
2016-12-31,39.70024444
2017-01-01,48.2064383
2017-01-02,48.2064383
2017-01-03,48.2064383
2017-01-04,48.2064383
2017-01-05,48.2064383
2017-01-06,48.2064383
2017-01-07,48.2064383
2017-01-08,48.2064383
2017-01-09,48.2064383
2017-01-10,48.2064383
2017-01-11,48.2064383
2017-01-12,48.2064383
2017-01-13,48.2064383
2017-01-14,48.2064383
2017-01-15,48.2064383
2017-01-16,48.2064383
2017-01-17,48.2064383
2017-01-18,48.2064383
2017-01-19,48.2064383
2017-01-20,48.2064383
2017-01-21,48.2064383
2017-01-22,48.2064383
2017-01-23,48.2064383
2017-01-24,48.2064383
2017-01-25,48.2064383
2017-01-26,48.2064383
2017-01-27,48.2064383
2017-01-28,48.2064383
2017-01-29,48.2064383
2017-01-30,48.2064383
2017-01-31,48.2064383
2017-02-01,34.35003469
2017-02-02,34.35003469
2017-02-03,34.35003469
2017-02-04,34.35003469
2017-02-05,34.35003469
2017-02-06,34.35003469
2017-02-07,34.35003469
2017-02-08,34.35003469
2017-02-09,34.35003469
2017-02-10,34.35003469
2017-02-11,34.35003469
2017-02-12,34.35003469
2017-02-13,34.35003469
2017-02-14,34.35003469
2017-02-15,34.35003469
2017-02-16,34.35003469
2017-02-17,34.35003469
2017-02-18,34.35003469
2017-02-19,34.35003469
2017-02-20,34.35003469
2017-02-21,34.35003469
2017-02-22,34.35003469
2017-02-23,34.35003469
2017-02-24,34.35003469
2017-02-25,34.35003469
2017-02-26,34.35003469
2017-02-27,34.35003469
2017-02-28,34.35003469
2017-03-01,38.38165778
2017-03-02,38.38165778
2017-03-03,38.38165778
2017-03-04,38.38165778
2017-03-05,38.38165778
2017-03-06,38.38165778
2017-03-07,38.38165778
2017-03-08,38.38165778
2017-03-09,38.38165778
2017-03-10,38.38165778
2017-03-11,38.38165778
2017-03-12,38.38165778
2017-03-13,38.38165778
2017-03-14,38.38165778
2017-03-15,38.38165778
2017-03-16,38.38165778
2017-03-17,38.38165778
2017-03-18,38.38165778
2017-03-19,38.38165778
2017-03-20,38.38165778
2017-03-21,38.38165778
2017-03-22,38.38165778
2017-03-23,38.38165778
2017-03-24,38.38165778
2017-03-25,38.38165778
2017-03-26,38.38165778
2017-03-27,38.38165778
2017-03-28,38.38165778
2017-03-29,38.38165778
2017-03-30,38.38165778
2017-03-31,38.38165778
2017-04-01,47.83275419
2017-04-02,47.83275419
2017-04-03,47.83275419
2017-04-04,47.83275419
2017-04-05,47.83275419
2017-04-06,47.83275419
2017-04-07,47.83275419
2017-04-08,47.83275419
2017-04-09,47.83275419
2017-04-10,47.83275419
2017-04-11,47.83275419
2017-04-12,47.83275419
2017-04-13,47.83275419
2017-04-14,47.83275419
2017-04-15,47.83275419
2017-04-16,47.83275419
2017-04-17,47.83275419
2017-04-18,47.83275419
2017-04-19,47.83275419
2017-04-20,47.83275419
2017-04-21,47.83275419
2017-04-22,47.83275419
2017-04-23,47.83275419
2017-04-24,47.83275419
2017-04-25,47.83275419
2017-04-26,47.83275419
2017-04-27,47.83275419
2017-04-28,47.83275419
2017-04-29,47.83275419
2017-04-30,47.83275419
2017-05-01,64.8814477
2017-05-02,64.8814477
2017-05-03,64.8814477
2017-05-04,64.8814477
2017-05-05,64.8814477
2017-05-06,64.8814477
2017-05-07,64.8814477
2017-05-08,64.8814477
2017-05-09,64.8814477
2017-05-10,64.8814477
2017-05-11,64.8814477
2017-05-12,64.8814477
2017-05-13,64.8814477
2017-05-14,64.8814477
2017-05-15,64.8814477
2017-05-16,64.8814477
2017-05-17,64.8814477
2017-05-18,64.8814477
2017-05-19,64.8814477
2017-05-20,64.8814477
2017-05-21,64.8814477
2017-05-22,64.8814477
2017-05-23,64.8814477
2017-05-24,64.8814477
2017-05-25,64.8814477
2017-05-26,64.8814477
2017-05-27,64.8814477
2017-05-28,64.8814477
2017-05-29,64.8814477
2017-05-30,64.8814477
2017-05-31,64.8814477
2017-06-01,42.18906135
2017-06-02,42.18906135
2017-06-03,42.18906135
2017-06-04,42.18906135
2017-06-05,42.18906135
2017-06-06,42.18906135
2017-06-07,42.18906135
2017-06-08,42.18906135
2017-06-09,42.18906135
2017-06-10,42.18906135
2017-06-11,42.18906135
2017-06-12,42.18906135
2017-06-13,42.18906135
2017-06-14,42.18906135
2017-06-15,42.18906135
2017-06-16,42.18906135
2017-06-17,42.18906135
2017-06-18,42.18906135
2017-06-19,42.18906135
2017-06-20,42.18906135
2017-06-21,42.18906135
2017-06-22,42.18906135
2017-06-23,42.18906135
2017-06-24,42.18906135
2017-06-25,42.18906135
2017-06-26,42.18906135
2017-06-27,42.18906135
2017-06-28,42.18906135
2017-06-29,42.18906135
2017-06-30,42.18906135
2017-07-01,91.38012054
2017-07-02,91.38012054
2017-07-03,91.38012054
2017-07-04,91.38012054
2017-07-05,91.38012054
2017-07-06,91.38012054
2017-07-07,91.38012054
2017-07-08,91.38012054
2017-07-09,91.38012054
2017-07-10,91.38012054
2017-07-11,91.38012054
2017-07-12,91.38012054
2017-07-13,91.38012054
2017-07-14,91.38012054
2017-07-15,91.38012054
2017-07-16,91.38012054
2017-07-17,91.38012054
2017-07-18,91.38012054
2017-07-19,91.38012054
2017-07-20,91.38012054
2017-07-21,91.38012054
2017-07-22,91.38012054
2017-07-23,91.38012054
2017-07-24,91.38012054
2017-07-25,91.38012054
2017-07-26,91.38012054
2017-07-27,91.38012054
2017-07-28,91.38012054
2017-07-29,91.38012054
2017-07-30,91.38012054
2017-07-31,91.38012054
2017-08-01,74.41706212
2017-08-02,74.41706212
2017-08-03,74.41706212
2017-08-04,74.41706212
2017-08-05,74.41706212
2017-08-06,74.41706212
2017-08-07,74.41706212
2017-08-08,74.41706212
2017-08-09,74.41706212
2017-08-10,74.41706212
2017-08-11,74.41706212
2017-08-12,74.41706212
2017-08-13,74.41706212
2017-08-14,74.41706212
2017-08-15,74.41706212
2017-08-16,74.41706212
2017-08-17,74.41706212
2017-08-18,74.41706212
2017-08-19,74.41706212
2017-08-20,74.41706212
2017-08-21,74.41706212
2017-08-22,74.41706212
2017-08-23,74.41706212
2017-08-24,74.41706212
2017-08-25,74.41706212
2017-08-26,74.41706212
2017-08-27,74.41706212
2017-08-28,74.41706212
2017-08-29,74.41706212
2017-08-30,74.41706212
2017-08-31,74.41706212
2017-09-01,61.55705378
2017-09-02,61.55705378
2017-09-03,61.55705378
2017-09-04,61.55705378
2017-09-05,61.55705378
2017-09-06,61.55705378
2017-09-07,61.55705378
2017-09-08,61.55705378
2017-09-09,61.55705378
2017-09-10,61.55705378
2017-09-11,61.55705378
2017-09-12,61.55705378
2017-09-13,61.55705378
2017-09-14,61.55705378
2017-09-15,61.55705378
2017-09-16,61.55705378
2017-09-17,61.55705378
2017-09-18,61.55705378
2017-09-19,61.55705378
2017-09-20,61.55705378
2017-09-21,61.55705378
2017-09-22,61.55705378
2017-09-23,61.55705378
2017-09-24,61.55705378
2017-09-25,61.55705378
2017-09-26,61.55705378
2017-09-27,61.55705378
2017-09-28,61.55705378
2017-09-29,61.55705378
2017-09-30,61.55705378
2017-10-01,110.0621941
2017-10-02,110.0621941
2017-10-03,110.0621941
2017-10-04,110.0621941
2017-10-05,110.0621941
2017-10-06,110.0621941
2017-10-07,110.0621941
2017-10-08,110.0621941
2017-10-09,110.0621941
2017-10-10,110.0621941
2017-10-11,110.0621941
2017-10-12,110.0621941
2017-10-13,110.0621941
2017-10-14,110.0621941
2017-10-15,110.0621941
2017-10-16,110.0621941
2017-10-17,110.0621941
2017-10-18,110.0621941
2017-10-19,110.0621941
2017-10-20,110.0621941
2017-10-21,110.0621941
2017-10-22,110.0621941
2017-10-23,110.0621941
2017-10-24,110.0621941
2017-10-25,110.0621941
2017-10-26,110.0621941
2017-10-27,110.0621941
2017-10-28,110.0621941
2017-10-29,110.0621941
2017-10-30,110.0621941
2017-10-31,110.0621941
2017-11-01,68.65737015
2017-11-02,68.65737015
2017-11-03,68.65737015
2017-11-04,68.65737015
2017-11-05,68.65737015
2017-11-06,68.65737015
2017-11-07,68.65737015
2017-11-08,68.65737015
2017-11-09,68.65737015
2017-11-10,68.65737015
2017-11-11,68.65737015
2017-11-12,68.65737015
2017-11-13,68.65737015
2017-11-14,68.65737015
2017-11-15,68.65737015
2017-11-16,68.65737015
2017-11-17,68.65737015
2017-11-18,68.65737015
2017-11-19,68.65737015
2017-11-20,68.65737015
2017-11-21,68.65737015
2017-11-22,68.65737015
2017-11-23,68.65737015
2017-11-24,68.65737015
2017-11-25,68.65737015
2017-11-26,68.65737015
2017-11-27,68.65737015
2017-11-28,68.65737015
2017-11-29,68.65737015
2017-11-30,68.65737015
2017-12-01,72.42334074
2017-12-02,72.42334074
2017-12-03,72.42334074
2017-12-04,72.42334074
2017-12-05,72.42334074
2017-12-06,72.42334074
2017-12-07,72.42334074
2017-12-08,72.42334074
2017-12-09,72.42334074
2017-12-10,72.42334074
2017-12-11,72.42334074
2017-12-12,72.42334074
2017-12-13,72.42334074
2017-12-14,72.42334074
2017-12-15,72.42334074
2017-12-16,72.42334074
2017-12-17,72.42334074
2017-12-18,72.42334074
2017-12-19,72.42334074
2017-12-20,72.42334074
2017-12-21,72.42334074
2017-12-22,72.42334074
2017-12-23,72.42334074
2017-12-24,72.42334074
2017-12-25,72.42334074
2017-12-26,72.42334074
2017-12-27,72.42334074
2017-12-28,72.42334074
2017-12-29,72.42334074
2017-12-30,72.42334074
2017-12-31,72.42334074
2018-01-01,68.57592323
2018-01-02,68.57592323
2018-01-03,68.57592323
2018-01-04,68.57592323
2018-01-05,68.57592323
2018-01-06,68.57592323
2018-01-07,68.57592323
2018-01-08,68.57592323
2018-01-09,68.57592323
2018-01-10,68.57592323
2018-01-11,68.57592323
2018-01-12,68.57592323
2018-01-13,68.57592323
2018-01-14,68.57592323
2018-01-15,68.57592323
2018-01-16,68.57592323
2018-01-17,68.57592323
2018-01-18,68.57592323
2018-01-19,68.57592323
2018-01-20,68.57592323
2018-01-21,68.57592323
2018-01-22,68.57592323
2018-01-23,68.57592323
2018-01-24,68.57592323
2018-01-25,68.57592323
2018-01-26,68.57592323
2018-01-27,68.57592323
2018-01-28,68.57592323
2018-01-29,68.57592323
2018-01-30,68.57592323
2018-01-31,68.57592323
2018-02-01,38.6005287
2018-02-02,38.6005287
2018-02-03,38.6005287
2018-02-04,38.6005287
2018-02-05,38.6005287
2018-02-06,38.6005287
2018-02-07,38.6005287
2018-02-08,38.6005287
2018-02-09,38.6005287
2018-02-10,38.6005287
2018-02-11,38.6005287
2018-02-12,38.6005287
2018-02-13,38.6005287
2018-02-14,38.6005287
2018-02-15,38.6005287
2018-02-16,38.6005287
2018-02-17,38.6005287
2018-02-18,38.6005287
2018-02-19,38.6005287
2018-02-20,38.6005287
2018-02-21,38.6005287
2018-02-22,38.6005287
2018-02-23,38.6005287
2018-02-24,38.6005287
2018-02-25,38.6005287
2018-02-26,38.6005287
2018-02-27,38.6005287
2018-02-28,38.6005287
2018-03-01,73.89013743
2018-03-02,73.89013743
2018-03-03,73.89013743
2018-03-04,73.89013743
2018-03-05,73.89013743
2018-03-06,73.89013743
2018-03-07,73.89013743
2018-03-08,73.89013743
2018-03-09,73.89013743
2018-03-10,73.89013743
2018-03-11,73.89013743
2018-03-12,73.89013743
2018-03-13,73.89013743
2018-03-14,73.89013743
2018-03-15,73.89013743
2018-03-16,73.89013743
2018-03-17,73.89013743
2018-03-18,73.89013743
2018-03-19,73.89013743
2018-03-20,73.89013743
2018-03-21,73.89013743
2018-03-22,73.89013743
2018-03-23,73.89013743
2018-03-24,73.89013743
2018-03-25,73.89013743
2018-03-26,73.89013743
2018-03-27,73.89013743
2018-03-28,73.89013743
2018-03-29,73.89013743
2018-03-30,73.89013743
2018-03-31,73.89013743
2018-04-01,72.65959105
2018-04-02,72.65959105
2018-04-03,72.65959105
2018-04-04,72.65959105
2018-04-05,72.65959105
2018-04-06,72.65959105
2018-04-07,72.65959105
2018-04-08,72.65959105
2018-04-09,72.65959105
2018-04-10,72.65959105
2018-04-11,72.65959105
2018-04-12,72.65959105
2018-04-13,72.65959105
2018-04-14,72.65959105
2018-04-15,72.65959105
2018-04-16,72.65959105
2018-04-17,72.65959105
2018-04-18,72.65959105
2018-04-19,72.65959105
2018-04-20,72.65959105
2018-04-21,72.65959105
2018-04-22,72.65959105
2018-04-23,72.65959105
2018-04-24,72.65959105
2018-04-25,72.65959105
2018-04-26,72.65959105
2018-04-27,72.65959105
2018-04-28,72.65959105
2018-04-29,72.65959105
2018-04-30,72.65959105
2018-05-01,69.67364752
2018-05-02,69.67364752
2018-05-03,69.67364752
2018-05-04,69.67364752
2018-05-05,69.67364752
2018-05-06,69.67364752
2018-05-07,69.67364752
2018-05-08,69.67364752
2018-05-09,69.67364752
2018-05-10,69.67364752
2018-05-11,69.67364752
2018-05-12,69.67364752
2018-05-13,69.67364752
2018-05-14,69.67364752
2018-05-15,69.67364752
2018-05-16,69.67364752
2018-05-17,69.67364752
2018-05-18,69.67364752
2018-05-19,69.67364752
2018-05-20,69.67364752
2018-05-21,69.67364752
2018-05-22,69.67364752
2018-05-23,69.67364752
2018-05-24,69.67364752
2018-05-25,69.67364752
2018-05-26,69.67364752
2018-05-27,69.67364752
2018-05-28,69.67364752
2018-05-29,69.67364752
2018-05-30,69.67364752
2018-05-31,69.67364752
2018-06-01,69.18057644
2018-06-02,69.18057644
2018-06-03,69.18057644
2018-06-04,69.18057644
2018-06-05,69.18057644
2018-06-06,69.18057644
2018-06-07,69.18057644
2018-06-08,69.18057644
2018-06-09,69.18057644
2018-06-10,69.18057644
2018-06-11,69.18057644
2018-06-12,69.18057644
2018-06-13,69.18057644
2018-06-14,69.18057644
2018-06-15,69.18057644
2018-06-16,69.18057644
2018-06-17,69.18057644
2018-06-18,69.18057644
2018-06-19,69.18057644
2018-06-20,69.18057644
2018-06-21,69.18057644
2018-06-22,69.18057644
2018-06-23,69.18057644
2018-06-24,69.18057644
2018-06-25,69.18057644
2018-06-26,69.18057644
2018-06-27,69.18057644
2018-06-28,69.18057644
2018-06-29,69.18057644
2018-06-30,69.18057644
2018-07-01,69.06175524
2018-07-02,69.06175524
2018-07-03,69.06175524
2018-07-04,69.06175524
2018-07-05,69.06175524
2018-07-06,69.06175524
2018-07-07,69.06175524
2018-07-08,69.06175524
2018-07-09,69.06175524
2018-07-10,69.06175524
2018-07-11,69.06175524
2018-07-12,69.06175524
2018-07-13,69.06175524
2018-07-14,69.06175524
2018-07-15,69.06175524
2018-07-16,69.06175524
2018-07-17,69.06175524
2018-07-18,69.06175524
2018-07-19,69.06175524
2018-07-20,69.06175524
2018-07-21,69.06175524
2018-07-22,69.06175524
2018-07-23,69.06175524
2018-07-24,69.06175524
2018-07-25,69.06175524
2018-07-26,69.06175524
2018-07-27,69.06175524
2018-07-28,69.06175524
2018-07-29,69.06175524
2018-07-30,69.06175524
2018-07-31,69.06175524
2018-08-01,50.09196244
2018-08-02,50.09196244
2018-08-03,50.09196244
2018-08-04,50.09196244
2018-08-05,50.09196244
2018-08-06,50.09196244
2018-08-07,50.09196244
2018-08-08,50.09196244
2018-08-09,50.09196244
2018-08-10,50.09196244
2018-08-11,50.09196244
2018-08-12,50.09196244
2018-08-13,50.09196244
2018-08-14,50.09196244
2018-08-15,50.09196244
2018-08-16,50.09196244
2018-08-17,50.09196244
2018-08-18,50.09196244
2018-08-19,50.09196244
2018-08-20,50.09196244
2018-08-21,50.09196244
2018-08-22,50.09196244
2018-08-23,50.09196244
2018-08-24,50.09196244
2018-08-25,50.09196244
2018-08-26,50.09196244
2018-08-27,50.09196244
2018-08-28,50.09196244
2018-08-29,50.09196244
2018-08-30,50.09196244
2018-08-31,50.09196244
2018-09-01,67.42278162
2018-09-02,67.42278162
2018-09-03,67.42278162
2018-09-04,67.42278162
2018-09-05,67.42278162
2018-09-06,67.42278162
2018-09-07,67.42278162
2018-09-08,67.42278162
2018-09-09,67.42278162
2018-09-10,67.42278162
2018-09-11,67.42278162
2018-09-12,67.42278162
2018-09-13,67.42278162
2018-09-14,67.42278162
2018-09-15,67.42278162
2018-09-16,67.42278162
2018-09-17,67.42278162
2018-09-18,67.42278162
2018-09-19,67.42278162
2018-09-20,67.42278162
2018-09-21,67.42278162
2018-09-22,67.42278162
2018-09-23,67.42278162
2018-09-24,67.42278162
2018-09-25,67.42278162
2018-09-26,67.42278162
2018-09-27,67.42278162
2018-09-28,67.42278162
2018-09-29,67.42278162
2018-09-30,67.42278162
2018-10-01,81.45959374
2018-10-02,81.45959374
2018-10-03,81.45959374
2018-10-04,81.45959374
2018-10-05,81.45959374
2018-10-06,81.45959374
2018-10-07,81.45959374
2018-10-08,81.45959374
2018-10-09,81.45959374
2018-10-10,81.45959374
2018-10-11,81.45959374
2018-10-12,81.45959374
2018-10-13,81.45959374
2018-10-14,81.45959374
2018-10-15,81.45959374
2018-10-16,81.45959374
2018-10-17,81.45959374
2018-10-18,81.45959374
2018-10-19,81.45959374
2018-10-20,81.45959374
2018-10-21,81.45959374
2018-10-22,81.45959374
2018-10-23,81.45959374
2018-10-24,81.45959374
2018-10-25,81.45959374
2018-10-26,81.45959374
2018-10-27,81.45959374
2018-10-28,81.45959374
2018-10-29,81.45959374
2018-10-30,81.45959374
2018-10-31,81.45959374
2018-11-01,84.73691003
2018-11-02,84.73691003
2018-11-03,84.73691003
2018-11-04,84.73691003
2018-11-05,84.73691003
2018-11-06,84.73691003
2018-11-07,84.73691003
2018-11-08,84.73691003
2018-11-09,84.73691003
2018-11-10,84.73691003
2018-11-11,84.73691003
2018-11-12,84.73691003
2018-11-13,84.73691003
2018-11-14,84.73691003
2018-11-15,84.73691003
2018-11-16,84.73691003
2018-11-17,84.73691003
2018-11-18,84.73691003
2018-11-19,84.73691003
2018-11-20,84.73691003
2018-11-21,84.73691003
2018-11-22,84.73691003
2018-11-23,84.73691003
2018-11-24,84.73691003
2018-11-25,84.73691003
2018-11-26,84.73691003
2018-11-27,84.73691003
2018-11-28,84.73691003
2018-11-29,84.73691003
2018-11-30,84.73691003
2018-12-01,80.91830054
2018-12-02,80.91830054
2018-12-03,80.91830054
2018-12-04,80.91830054
2018-12-05,80.91830054
2018-12-06,80.91830054
2018-12-07,80.91830054
2018-12-08,80.91830054
2018-12-09,80.91830054
2018-12-10,80.91830054
2018-12-11,80.91830054
2018-12-12,80.91830054
2018-12-13,80.91830054
2018-12-14,80.91830054
2018-12-15,80.91830054
2018-12-16,80.91830054
2018-12-17,80.91830054
2018-12-18,80.91830054
2018-12-19,80.91830054
2018-12-20,80.91830054
2018-12-21,80.91830054
2018-12-22,80.91830054
2018-12-23,80.91830054
2018-12-24,80.91830054
2018-12-25,80.91830054
2018-12-26,80.91830054
2018-12-27,80.91830054
2018-12-28,80.91830054
2018-12-29,80.91830054
2018-12-30,80.91830054
2018-12-31,80.91830054
2019-01-01,102.3889057
2019-01-02,102.3889057
2019-01-03,102.3889057
2019-01-04,102.3889057
2019-01-05,102.3889057
2019-01-06,102.3889057
2019-01-07,102.3889057
2019-01-08,102.3889057
2019-01-09,102.3889057
2019-01-10,102.3889057
2019-01-11,102.3889057
2019-01-12,102.3889057
2019-01-13,102.3889057
2019-01-14,102.3889057
2019-01-15,102.3889057
2019-01-16,102.3889057
2019-01-17,102.3889057
2019-01-18,102.3889057
2019-01-19,102.3889057
2019-01-20,102.3889057
2019-01-21,102.3889057
2019-01-22,102.3889057
2019-01-23,102.3889057
2019-01-24,102.3889057
2019-01-25,102.3889057
2019-01-26,102.3889057
2019-01-27,102.3889057
2019-01-28,102.3889057
2019-01-29,102.3889057
2019-01-30,102.3889057
2019-01-31,102.3889057
2019-02-01,79.23529344
2019-02-02,79.23529344
2019-02-03,79.23529344
2019-02-04,79.23529344
2019-02-05,79.23529344
2019-02-06,79.23529344
2019-02-07,79.23529344
2019-02-08,79.23529344
2019-02-09,79.23529344
2019-02-10,79.23529344
2019-02-11,79.23529344
2019-02-12,79.23529344
2019-02-13,79.23529344
2019-02-14,79.23529344
2019-02-15,79.23529344
2019-02-16,79.23529344
2019-02-17,79.23529344
2019-02-18,79.23529344
2019-02-19,79.23529344
2019-02-20,79.23529344
2019-02-21,79.23529344
2019-02-22,79.23529344
2019-02-23,79.23529344
2019-02-24,79.23529344
2019-02-25,79.23529344
2019-02-26,79.23529344
2019-02-27,79.23529344
2019-02-28,79.23529344
2019-03-01,56.54273189
2019-03-02,56.54273189
2019-03-03,56.54273189
2019-03-04,56.54273189
2019-03-05,56.54273189
2019-03-06,56.54273189
2019-03-07,56.54273189
2019-03-08,56.54273189
2019-03-09,56.54273189
2019-03-10,56.54273189
2019-03-11,56.54273189
2019-03-12,56.54273189
2019-03-13,56.54273189
2019-03-14,56.54273189
2019-03-15,56.54273189
2019-03-16,56.54273189
2019-03-17,56.54273189
2019-03-18,56.54273189
2019-03-19,56.54273189
2019-03-20,56.54273189
2019-03-21,56.54273189
2019-03-22,56.54273189
2019-03-23,56.54273189
2019-03-24,56.54273189
2019-03-25,56.54273189
2019-03-26,56.54273189
2019-03-27,56.54273189
2019-03-28,56.54273189
2019-03-29,56.54273189
2019-03-30,56.54273189
2019-03-31,56.54273189
2019-04-01,93.27321256
2019-04-02,93.27321256
2019-04-03,93.27321256
2019-04-04,93.27321256
2019-04-05,93.27321256
2019-04-06,93.27321256
2019-04-07,93.27321256
2019-04-08,93.27321256
2019-04-09,93.27321256
2019-04-10,93.27321256
2019-04-11,93.27321256
2019-04-12,93.27321256
2019-04-13,93.27321256
2019-04-14,93.27321256
2019-04-15,93.27321256
2019-04-16,93.27321256
2019-04-17,93.27321256
2019-04-18,93.27321256
2019-04-19,93.27321256
2019-04-20,93.27321256
2019-04-21,93.27321256
2019-04-22,93.27321256
2019-04-23,93.27321256
2019-04-24,93.27321256
2019-04-25,93.27321256
2019-04-26,93.27321256
2019-04-27,93.27321256
2019-04-28,93.27321256
2019-04-29,93.27321256
2019-04-30,93.27321256
2019-05-01,95.00106449
2019-05-02,95.00106449
2019-05-03,95.00106449
2019-05-04,95.00106449
2019-05-05,95.00106449
2019-05-06,95.00106449
2019-05-07,95.00106449
2019-05-08,95.00106449
2019-05-09,95.00106449
2019-05-10,95.00106449
2019-05-11,95.00106449
2019-05-12,95.00106449
2019-05-13,95.00106449
2019-05-14,95.00106449
2019-05-15,95.00106449
2019-05-16,95.00106449
2019-05-17,95.00106449
2019-05-18,95.00106449
2019-05-19,95.00106449
2019-05-20,95.00106449
2019-05-21,95.00106449
2019-05-22,95.00106449
2019-05-23,95.00106449
2019-05-24,95.00106449
2019-05-25,95.00106449
2019-05-26,95.00106449
2019-05-27,95.00106449
2019-05-28,95.00106449
2019-05-29,95.00106449
2019-05-30,95.00106449
2019-05-31,95.00106449
2019-06-01,100.3538635
2019-06-02,100.3538635
2019-06-03,100.3538635
2019-06-04,100.3538635
2019-06-05,100.3538635
2019-06-06,100.3538635
2019-06-07,100.3538635
2019-06-08,100.3538635
2019-06-09,100.3538635
2019-06-10,100.3538635
2019-06-11,100.3538635
2019-06-12,100.3538635
2019-06-13,100.3538635
2019-06-14,100.3538635
2019-06-15,100.3538635
2019-06-16,100.3538635
2019-06-17,100.3538635
2019-06-18,100.3538635
2019-06-19,100.3538635
2019-06-20,100.3538635
2019-06-21,100.3538635
2019-06-22,100.3538635
2019-06-23,100.3538635
2019-06-24,100.3538635
2019-06-25,100.3538635
2019-06-26,100.3538635
2019-06-27,100.3538635
2019-06-28,100.3538635
2019-06-29,100.3538635
2019-06-30,100.3538635
2019-07-01,115.6113242
2019-07-02,115.6113242
2019-07-03,115.6113242
2019-07-04,115.6113242
2019-07-05,115.6113242
2019-07-06,115.6113242
2019-07-07,115.6113242
2019-07-08,115.6113242
2019-07-09,115.6113242
2019-07-10,115.6113242
2019-07-11,115.6113242
2019-07-12,115.6113242
2019-07-13,115.6113242
2019-07-14,115.6113242
2019-07-15,115.6113242
2019-07-16,115.6113242
2019-07-17,115.6113242
2019-07-18,115.6113242
2019-07-19,115.6113242
2019-07-20,115.6113242
2019-07-21,115.6113242
2019-07-22,115.6113242
2019-07-23,115.6113242
2019-07-24,115.6113242
2019-07-25,115.6113242
2019-07-26,115.6113242
2019-07-27,115.6113242
2019-07-28,115.6113242
2019-07-29,115.6113242
2019-07-30,115.6113242
2019-07-31,115.6113242
2019-08-01,74.18084496
2019-08-02,74.18084496
2019-08-03,74.18084496
2019-08-04,74.18084496
2019-08-05,74.18084496
2019-08-06,74.18084496
2019-08-07,74.18084496
2019-08-08,74.18084496
2019-08-09,74.18084496
2019-08-10,74.18084496
2019-08-11,74.18084496
2019-08-12,74.18084496
2019-08-13,74.18084496
2019-08-14,74.18084496
2019-08-15,74.18084496
2019-08-16,74.18084496
2019-08-17,74.18084496
2019-08-18,74.18084496
2019-08-19,74.18084496
2019-08-20,74.18084496
2019-08-21,74.18084496
2019-08-22,74.18084496
2019-08-23,74.18084496
2019-08-24,74.18084496
2019-08-25,74.18084496
2019-08-26,74.18084496
2019-08-27,74.18084496
2019-08-28,74.18084496
2019-08-29,74.18084496
2019-08-30,74.18084496
2019-08-31,74.18084496
2019-09-01,74.20958326
2019-09-02,74.20958326
2019-09-03,74.20958326
2019-09-04,74.20958326
2019-09-05,74.20958326
2019-09-06,74.20958326
2019-09-07,74.20958326
2019-09-08,74.20958326
2019-09-09,74.20958326
2019-09-10,74.20958326
2019-09-11,74.20958326
2019-09-12,74.20958326
2019-09-13,74.20958326
2019-09-14,74.20958326
2019-09-15,74.20958326
2019-09-16,74.20958326
2019-09-17,74.20958326
2019-09-18,74.20958326
2019-09-19,74.20958326
2019-09-20,74.20958326
2019-09-21,74.20958326
2019-09-22,74.20958326
2019-09-23,74.20958326
2019-09-24,74.20958326
2019-09-25,74.20958326
2019-09-26,74.20958326
2019-09-27,74.20958326
2019-09-28,74.20958326
2019-09-29,74.20958326
2019-09-30,74.20958326
2019-10-01,79.84764256
2019-10-02,79.84764256
2019-10-03,79.84764256
2019-10-04,79.84764256
2019-10-05,79.84764256
2019-10-06,79.84764256
2019-10-07,79.84764256
2019-10-08,79.84764256
2019-10-09,79.84764256
2019-10-10,79.84764256
2019-10-11,79.84764256
2019-10-12,79.84764256
2019-10-13,79.84764256
2019-10-14,79.84764256
2019-10-15,79.84764256
2019-10-16,79.84764256
2019-10-17,79.84764256
2019-10-18,79.84764256
2019-10-19,79.84764256
2019-10-20,79.84764256
2019-10-21,79.84764256
2019-10-22,79.84764256
2019-10-23,79.84764256
2019-10-24,79.84764256
2019-10-25,79.84764256
2019-10-26,79.84764256
2019-10-27,79.84764256
2019-10-28,79.84764256
2019-10-29,79.84764256
2019-10-30,79.84764256
2019-10-31,79.84764256
2019-11-01,62.97707137
2019-11-02,62.97707137
2019-11-03,62.97707137
2019-11-04,62.97707137
2019-11-05,62.97707137
2019-11-06,62.97707137
2019-11-07,62.97707137
2019-11-08,62.97707137
2019-11-09,62.97707137
2019-11-10,62.97707137
2019-11-11,62.97707137
2019-11-12,62.97707137
2019-11-13,62.97707137
2019-11-14,62.97707137
2019-11-15,62.97707137
2019-11-16,62.97707137
2019-11-17,62.97707137
2019-11-18,62.97707137
2019-11-19,62.97707137
2019-11-20,62.97707137
2019-11-21,62.97707137
2019-11-22,62.97707137
2019-11-23,62.97707137
2019-11-24,62.97707137
2019-11-25,62.97707137
2019-11-26,62.97707137
2019-11-27,62.97707137
2019-11-28,62.97707137
2019-11-29,62.97707137
2019-11-30,62.97707137
2019-12-01,63.5666325
2019-12-02,63.5666325
2019-12-03,63.5666325
2019-12-04,63.5666325
2019-12-05,63.5666325
2019-12-06,63.5666325
2019-12-07,63.5666325
2019-12-08,63.5666325
2019-12-09,63.5666325
2019-12-10,63.5666325
2019-12-11,63.5666325
2019-12-12,63.5666325
2019-12-13,63.5666325
2019-12-14,63.5666325
2019-12-15,63.5666325
2019-12-16,63.5666325
2019-12-17,63.5666325
2019-12-18,63.5666325
2019-12-19,63.5666325
2019-12-20,63.5666325
2019-12-21,63.5666325
2019-12-22,63.5666325
2019-12-23,63.5666325
2019-12-24,63.5666325
2019-12-25,63.5666325
2019-12-26,63.5666325
2019-12-27,63.5666325
2019-12-28,63.5666325
2019-12-29,63.5666325
2019-12-30,63.5666325
2019-12-31,63.5666325
2020-01-01,67.12191238
2020-01-02,67.12191238
2020-01-03,67.12191238
2020-01-04,67.12191238
2020-01-05,67.12191238
2020-01-06,67.12191238
2020-01-07,67.12191238
2020-01-08,67.12191238
2020-01-09,67.12191238
2020-01-10,67.12191238
2020-01-11,67.12191238
2020-01-12,67.12191238
2020-01-13,67.12191238
2020-01-14,67.12191238
2020-01-15,67.12191238
2020-01-16,67.12191238
2020-01-17,67.12191238
2020-01-18,67.12191238
2020-01-19,67.12191238
2020-01-20,67.12191238
2020-01-21,67.12191238
2020-01-22,67.12191238
2020-01-23,67.12191238
2020-01-24,67.12191238
2020-01-25,67.12191238
2020-01-26,67.12191238
2020-01-27,67.12191238
2020-01-28,67.12191238
2020-01-29,67.12191238
2020-01-30,67.12191238
2020-01-31,67.12191238
2020-02-01,62.61810396
2020-02-02,62.61810396
2020-02-03,62.61810396
2020-02-04,62.61810396
2020-02-05,62.61810396
2020-02-06,62.61810396
2020-02-07,62.61810396
2020-02-08,62.61810396
2020-02-09,62.61810396
2020-02-10,62.61810396
2020-02-11,62.61810396
2020-02-12,62.61810396
2020-02-13,62.61810396
2020-02-14,62.61810396
2020-02-15,62.61810396
2020-02-16,62.61810396
2020-02-17,62.61810396
2020-02-18,62.61810396
2020-02-19,62.61810396
2020-02-20,62.61810396
2020-02-21,62.61810396
2020-02-22,62.61810396
2020-02-23,62.61810396
2020-02-24,62.61810396
2020-02-25,62.61810396
2020-02-26,62.61810396
2020-02-27,62.61810396
2020-02-28,62.61810396
2020-02-29,62.61810396
2020-03-01,108.0742918
2020-03-02,108.0742918
2020-03-03,108.0742918
2020-03-04,108.0742918
2020-03-05,108.0742918
2020-03-06,108.0742918
2020-03-07,108.0742918
2020-03-08,108.0742918
2020-03-09,108.0742918
2020-03-10,108.0742918
2020-03-11,108.0742918
2020-03-12,108.0742918
2020-03-13,108.0742918
2020-03-14,108.0742918
2020-03-15,108.0742918
2020-03-16,108.0742918
2020-03-17,108.0742918
2020-03-18,108.0742918
2020-03-19,108.0742918
2020-03-20,108.0742918
2020-03-21,108.0742918
2020-03-22,108.0742918
2020-03-23,108.0742918
2020-03-24,108.0742918
2020-03-25,108.0742918
2020-03-26,108.0742918
2020-03-27,108.0742918
2020-03-28,108.0742918
2020-03-29,108.0742918
2020-03-30,108.0742918
2020-03-31,108.0742918
2020-04-01,145.2714784
2020-04-02,145.2714784
2020-04-03,145.2714784
2020-04-04,145.2714784
2020-04-05,145.2714784
2020-04-06,145.2714784
2020-04-07,145.2714784
2020-04-08,145.2714784
2020-04-09,145.2714784
2020-04-10,145.2714784
2020-04-11,145.2714784
2020-04-12,145.2714784
2020-04-13,145.2714784
2020-04-14,145.2714784
2020-04-15,145.2714784
2020-04-16,145.2714784
2020-04-17,145.2714784
2020-04-18,145.2714784
2020-04-19,145.2714784
2020-04-20,145.2714784
2020-04-21,145.2714784
2020-04-22,145.2714784
2020-04-23,145.2714784
2020-04-24,145.2714784
2020-04-25,145.2714784
2020-04-26,145.2714784
2020-04-27,145.2714784
2020-04-28,145.2714784
2020-04-29,145.2714784
2020-04-30,145.2714784
2020-05-01,112.4007137
2020-05-02,112.4007137
2020-05-03,112.4007137
2020-05-04,112.4007137
2020-05-05,112.4007137
2020-05-06,112.4007137
2020-05-07,112.4007137
2020-05-08,112.4007137
2020-05-09,112.4007137
2020-05-10,112.4007137
2020-05-11,112.4007137
2020-05-12,112.4007137
2020-05-13,112.4007137
2020-05-14,112.4007137
2020-05-15,112.4007137
2020-05-16,112.4007137
2020-05-17,112.4007137
2020-05-18,112.4007137
2020-05-19,112.4007137
2020-05-20,112.4007137
2020-05-21,112.4007137
2020-05-22,112.4007137
2020-05-23,112.4007137
2020-05-24,112.4007137
2020-05-25,112.4007137
2020-05-26,112.4007137
2020-05-27,112.4007137
2020-05-28,112.4007137
2020-05-29,112.4007137
2020-05-30,112.4007137
2020-05-31,112.4007137
2020-06-01,128.1088142
2020-06-02,128.1088142
2020-06-03,128.1088142
2020-06-04,128.1088142
2020-06-05,128.1088142
2020-06-06,128.1088142
2020-06-07,128.1088142
2020-06-08,128.1088142
2020-06-09,128.1088142
2020-06-10,128.1088142
2020-06-11,128.1088142
2020-06-12,128.1088142
2020-06-13,128.1088142
2020-06-14,128.1088142
2020-06-15,128.1088142
2020-06-16,128.1088142
2020-06-17,128.1088142
2020-06-18,128.1088142
2020-06-19,128.1088142
2020-06-20,128.1088142
2020-06-21,128.1088142
2020-06-22,128.1088142
2020-06-23,128.1088142
2020-06-24,128.1088142
2020-06-25,128.1088142
2020-06-26,128.1088142
2020-06-27,128.1088142
2020-06-28,128.1088142
2020-06-29,128.1088142
2020-06-30,128.1088142
2020-07-01,84.78897417
2020-07-02,84.78897417
2020-07-03,84.78897417
2020-07-04,84.78897417
2020-07-05,84.78897417
2020-07-06,84.78897417
2020-07-07,84.78897417
2020-07-08,84.78897417
2020-07-09,84.78897417
2020-07-10,84.78897417
2020-07-11,84.78897417
2020-07-12,84.78897417
2020-07-13,84.78897417
2020-07-14,84.78897417
2020-07-15,84.78897417
2020-07-16,84.78897417
2020-07-17,84.78897417
2020-07-18,84.78897417
2020-07-19,84.78897417
2020-07-20,84.78897417
2020-07-21,84.78897417
2020-07-22,84.78897417
2020-07-23,84.78897417
2020-07-24,84.78897417
2020-07-25,84.78897417
2020-07-26,84.78897417
2020-07-27,84.78897417
2020-07-28,84.78897417
2020-07-29,84.78897417
2020-07-30,84.78897417
2020-07-31,84.78897417
2020-08-01,94.98250714
2020-08-02,94.98250714
2020-08-03,94.98250714
2020-08-04,94.98250714
2020-08-05,94.98250714
2020-08-06,94.98250714
2020-08-07,94.98250714
2020-08-08,94.98250714
2020-08-09,94.98250714
2020-08-10,94.98250714
2020-08-11,94.98250714
2020-08-12,94.98250714
2020-08-13,94.98250714
2020-08-14,94.98250714
2020-08-15,94.98250714
2020-08-16,94.98250714
2020-08-17,94.98250714
2020-08-18,94.98250714
2020-08-19,94.98250714
2020-08-20,94.98250714
2020-08-21,94.98250714
2020-08-22,94.98250714
2020-08-23,94.98250714
2020-08-24,94.98250714
2020-08-25,94.98250714
2020-08-26,94.98250714
2020-08-27,94.98250714
2020-08-28,94.98250714
2020-08-29,94.98250714
2020-08-30,94.98250714
2020-08-31,94.98250714
2020-09-01,83.01085286
2020-09-02,83.01085286
2020-09-03,83.01085286
2020-09-04,83.01085286
2020-09-05,83.01085286
2020-09-06,83.01085286
2020-09-07,83.01085286
2020-09-08,83.01085286
2020-09-09,83.01085286
2020-09-10,83.01085286
2020-09-11,83.01085286
2020-09-12,83.01085286
2020-09-13,83.01085286
2020-09-14,83.01085286
2020-09-15,83.01085286
2020-09-16,83.01085286
2020-09-17,83.01085286
2020-09-18,83.01085286
2020-09-19,83.01085286
2020-09-20,83.01085286
2020-09-21,83.01085286
2020-09-22,83.01085286
2020-09-23,83.01085286
2020-09-24,83.01085286
2020-09-25,83.01085286
2020-09-26,83.01085286
2020-09-27,83.01085286
2020-09-28,83.01085286
2020-09-29,83.01085286
2020-09-30,83.01085286
2020-10-01,102.8734164
2020-10-02,102.8734164
2020-10-03,102.8734164
2020-10-04,102.8734164
2020-10-05,102.8734164
2020-10-06,102.8734164
2020-10-07,102.8734164
2020-10-08,102.8734164
2020-10-09,102.8734164
2020-10-10,102.8734164
2020-10-11,102.8734164
2020-10-12,102.8734164
2020-10-13,102.8734164
2020-10-14,102.8734164
2020-10-15,102.8734164
2020-10-16,102.8734164
2020-10-17,102.8734164
2020-10-18,102.8734164
2020-10-19,102.8734164
2020-10-20,102.8734164
2020-10-21,102.8734164
2020-10-22,102.8734164
2020-10-23,102.8734164
2020-10-24,102.8734164
2020-10-25,102.8734164
2020-10-26,102.8734164
2020-10-27,102.8734164
2020-10-28,102.8734164
2020-10-29,102.8734164
2020-10-30,102.8734164
2020-10-31,102.8734164
2020-11-01,83.21190974
2020-11-02,83.21190974
2020-11-03,83.21190974
2020-11-04,83.21190974
2020-11-05,83.21190974
2020-11-06,83.21190974
2020-11-07,83.21190974
2020-11-08,83.21190974
2020-11-09,83.21190974
2020-11-10,83.21190974
2020-11-11,83.21190974
2020-11-12,83.21190974
2020-11-13,83.21190974
2020-11-14,83.21190974
2020-11-15,83.21190974
2020-11-16,83.21190974
2020-11-17,83.21190974
2020-11-18,83.21190974
2020-11-19,83.21190974
2020-11-20,83.21190974
2020-11-21,83.21190974
2020-11-22,83.21190974
2020-11-23,83.21190974
2020-11-24,83.21190974
2020-11-25,83.21190974
2020-11-26,83.21190974
2020-11-27,83.21190974
2020-11-28,83.21190974
2020-11-29,83.21190974
2020-11-30,83.21190974
2020-12-01,88.16083172
2020-12-02,88.16083172
2020-12-03,88.16083172
2020-12-04,88.16083172
2020-12-05,88.16083172
2020-12-06,88.16083172
2020-12-07,88.16083172
2020-12-08,88.16083172
2020-12-09,88.16083172
2020-12-10,88.16083172
2020-12-11,88.16083172
2020-12-12,88.16083172
2020-12-13,88.16083172
2020-12-14,88.16083172
2020-12-15,88.16083172
2020-12-16,88.16083172
2020-12-17,88.16083172
2020-12-18,88.16083172
2020-12-19,88.16083172
2020-12-20,88.16083172
2020-12-21,88.16083172
2020-12-22,88.16083172
2020-12-23,88.16083172
2020-12-24,88.16083172
2020-12-25,88.16083172
2020-12-26,88.16083172
2020-12-27,88.16083172
2020-12-28,88.16083172
2020-12-29,88.16083172
2020-12-30,88.16083172
2020-12-31,88.16083172
2021-01-01,76.72352883
2021-01-02,76.72352883
2021-01-03,76.72352883
2021-01-04,76.72352883
2021-01-05,76.72352883
2021-01-06,76.72352883
2021-01-07,76.72352883
2021-01-08,76.72352883
2021-01-09,76.72352883
2021-01-10,76.72352883
2021-01-11,76.72352883
2021-01-12,76.72352883
2021-01-13,76.72352883
2021-01-14,76.72352883
2021-01-15,76.72352883
2021-01-16,76.72352883
2021-01-17,76.72352883
2021-01-18,76.72352883
2021-01-19,76.72352883
2021-01-20,76.72352883
2021-01-21,76.72352883
2021-01-22,76.72352883
2021-01-23,76.72352883
2021-01-24,76.72352883
2021-01-25,76.72352883
2021-01-26,76.72352883
2021-01-27,76.72352883
2021-01-28,76.72352883
2021-01-29,76.72352883
2021-01-30,76.72352883
2021-01-31,76.72352883
2021-02-01,45.78167185
2021-02-02,45.78167185
2021-02-03,45.78167185
2021-02-04,45.78167185
2021-02-05,45.78167185
2021-02-06,45.78167185
2021-02-07,45.78167185
2021-02-08,45.78167185
2021-02-09,45.78167185
2021-02-10,45.78167185
2021-02-11,45.78167185
2021-02-12,45.78167185
2021-02-13,45.78167185
2021-02-14,45.78167185
2021-02-15,45.78167185
2021-02-16,45.78167185
2021-02-17,45.78167185
2021-02-18,45.78167185
2021-02-19,45.78167185
2021-02-20,45.78167185
2021-02-21,45.78167185
2021-02-22,45.78167185
2021-02-23,45.78167185
2021-02-24,45.78167185
2021-02-25,45.78167185
2021-02-26,45.78167185
2021-02-27,45.78167185
2021-02-28,45.78167185
2021-03-01,84.94028423
2021-03-02,84.94028423
2021-03-03,84.94028423
2021-03-04,84.94028423
2021-03-05,84.94028423
2021-03-06,84.94028423
2021-03-07,84.94028423
2021-03-08,84.94028423
2021-03-09,84.94028423
2021-03-10,84.94028423
2021-03-11,84.94028423
2021-03-12,84.94028423
2021-03-13,84.94028423
2021-03-14,84.94028423
2021-03-15,84.94028423
2021-03-16,84.94028423
2021-03-17,84.94028423
2021-03-18,84.94028423
2021-03-19,84.94028423
2021-03-20,84.94028423
2021-03-21,84.94028423
2021-03-22,84.94028423
2021-03-23,84.94028423
2021-03-24,84.94028423
2021-03-25,84.94028423
2021-03-26,84.94028423
2021-03-27,84.94028423
2021-03-28,84.94028423
2021-03-29,84.94028423
2021-03-30,84.94028423
2021-03-31,84.94028423
2021-04-01,86.13588666
2021-04-02,86.13588666
2021-04-03,86.13588666
2021-04-04,86.13588666
2021-04-05,86.13588666
2021-04-06,86.13588666
2021-04-07,86.13588666
2021-04-08,86.13588666
2021-04-09,86.13588666
2021-04-10,86.13588666
2021-04-11,86.13588666
2021-04-12,86.13588666
2021-04-13,86.13588666
2021-04-14,86.13588666
2021-04-15,86.13588666
2021-04-16,86.13588666
2021-04-17,86.13588666
2021-04-18,86.13588666
2021-04-19,86.13588666
2021-04-20,86.13588666
2021-04-21,86.13588666
2021-04-22,86.13588666
2021-04-23,86.13588666
2021-04-24,86.13588666
2021-04-25,86.13588666
2021-04-26,86.13588666
2021-04-27,86.13588666
2021-04-28,86.13588666
2021-04-29,86.13588666
2021-04-30,86.13588666
2021-05-01,67.64220543
2021-05-02,67.64220543
2021-05-03,67.64220543
2021-05-04,67.64220543
2021-05-05,67.64220543
2021-05-06,67.64220543
2021-05-07,67.64220543
2021-05-08,67.64220543
2021-05-09,67.64220543
2021-05-10,67.64220543
2021-05-11,67.64220543
2021-05-12,67.64220543
2021-05-13,67.64220543
2021-05-14,67.64220543
2021-05-15,67.64220543
2021-05-16,67.64220543
2021-05-17,67.64220543
2021-05-18,67.64220543
2021-05-19,67.64220543
2021-05-20,67.64220543
2021-05-21,67.64220543
2021-05-22,67.64220543
2021-05-23,67.64220543
2021-05-24,67.64220543
2021-05-25,67.64220543
2021-05-26,67.64220543
2021-05-27,67.64220543
2021-05-28,67.64220543
2021-05-29,67.64220543
2021-05-30,67.64220543
2021-05-31,67.64220543
2021-06-01,73.98625387
2021-06-02,73.98625387
2021-06-03,73.98625387
2021-06-04,73.98625387
2021-06-05,73.98625387
2021-06-06,73.98625387
2021-06-07,73.98625387
2021-06-08,73.98625387
2021-06-09,73.98625387
2021-06-10,73.98625387
2021-06-11,73.98625387
2021-06-12,73.98625387
2021-06-13,73.98625387
2021-06-14,73.98625387
2021-06-15,73.98625387
2021-06-16,73.98625387
2021-06-17,73.98625387
2021-06-18,73.98625387
2021-06-19,73.98625387
2021-06-20,73.98625387
2021-06-21,73.98625387
2021-06-22,73.98625387
2021-06-23,73.98625387
2021-06-24,73.98625387
2021-06-25,73.98625387
2021-06-26,73.98625387
2021-06-27,73.98625387
2021-06-28,73.98625387
2021-06-29,73.98625387
2021-06-30,73.98625387
2021-07-01,52.70717795
2021-07-02,52.70717795
2021-07-03,52.70717795
2021-07-04,52.70717795
2021-07-05,52.70717795
2021-07-06,52.70717795
2021-07-07,52.70717795
2021-07-08,52.70717795
2021-07-09,52.70717795
2021-07-10,52.70717795
2021-07-11,52.70717795
2021-07-12,52.70717795
2021-07-13,52.70717795
2021-07-14,52.70717795
2021-07-15,52.70717795
2021-07-16,52.70717795
2021-07-17,52.70717795
2021-07-18,52.70717795
2021-07-19,52.70717795
2021-07-20,52.70717795
2021-07-21,52.70717795
2021-07-22,52.70717795
2021-07-23,52.70717795
2021-07-24,52.70717795
2021-07-25,52.70717795
2021-07-26,52.70717795
2021-07-27,52.70717795
2021-07-28,52.70717795
2021-07-29,52.70717795
2021-07-30,52.70717795
2021-07-31,52.70717795
2021-08-01,96.54296251
2021-08-02,96.54296251
2021-08-03,96.54296251
2021-08-04,96.54296251
2021-08-05,96.54296251
2021-08-06,96.54296251
2021-08-07,96.54296251
2021-08-08,96.54296251
2021-08-09,96.54296251
2021-08-10,96.54296251
2021-08-11,96.54296251
2021-08-12,96.54296251
2021-08-13,96.54296251
2021-08-14,96.54296251
2021-08-15,96.54296251
2021-08-16,96.54296251
2021-08-17,96.54296251
2021-08-18,96.54296251
2021-08-19,96.54296251
2021-08-20,96.54296251
2021-08-21,96.54296251
2021-08-22,96.54296251
2021-08-23,96.54296251
2021-08-24,96.54296251
2021-08-25,96.54296251
2021-08-26,96.54296251
2021-08-27,96.54296251
2021-08-28,96.54296251
2021-08-29,96.54296251
2021-08-30,96.54296251
2021-08-31,96.54296251
2021-09-01,108.6367423
2021-09-02,108.6367423
2021-09-03,108.6367423
2021-09-04,108.6367423
2021-09-05,108.6367423
2021-09-06,108.6367423
2021-09-07,108.6367423
2021-09-08,108.6367423
2021-09-09,108.6367423
2021-09-10,108.6367423
2021-09-11,108.6367423
2021-09-12,108.6367423
2021-09-13,108.6367423
2021-09-14,108.6367423
2021-09-15,108.6367423
2021-09-16,108.6367423
2021-09-17,108.6367423
2021-09-18,108.6367423
2021-09-19,108.6367423
2021-09-20,108.6367423
2021-09-21,108.6367423
2021-09-22,108.6367423
2021-09-23,108.6367423
2021-09-24,108.6367423
2021-09-25,108.6367423
2021-09-26,108.6367423
2021-09-27,108.6367423
2021-09-28,108.6367423
2021-09-29,108.6367423
2021-09-30,108.6367423
2021-10-01,105.9297427
2021-10-02,105.9297427
2021-10-03,105.9297427
2021-10-04,105.9297427
2021-10-05,105.9297427
2021-10-06,105.9297427
2021-10-07,105.9297427
2021-10-08,105.9297427
2021-10-09,105.9297427
2021-10-10,105.9297427
2021-10-11,105.9297427
2021-10-12,105.9297427
2021-10-13,105.9297427
2021-10-14,105.9297427
2021-10-15,105.9297427
2021-10-16,105.9297427
2021-10-17,105.9297427
2021-10-18,105.9297427
2021-10-19,105.9297427
2021-10-20,105.9297427
2021-10-21,105.9297427
2021-10-22,105.9297427
2021-10-23,105.9297427
2021-10-24,105.9297427
2021-10-25,105.9297427
2021-10-26,105.9297427
2021-10-27,105.9297427
2021-10-28,105.9297427
2021-10-29,105.9297427
2021-10-30,105.9297427
2021-10-31,105.9297427
2021-11-01,90.01889678
2021-11-02,90.01889678
2021-11-03,90.01889678
2021-11-04,90.01889678
2021-11-05,90.01889678
2021-11-06,90.01889678
2021-11-07,90.01889678
2021-11-08,90.01889678
2021-11-09,90.01889678
2021-11-10,90.01889678
2021-11-11,90.01889678
2021-11-12,90.01889678
2021-11-13,90.01889678
2021-11-14,90.01889678
2021-11-15,90.01889678
2021-11-16,90.01889678
2021-11-17,90.01889678
2021-11-18,90.01889678
2021-11-19,90.01889678
2021-11-20,90.01889678
2021-11-21,90.01889678
2021-11-22,90.01889678
2021-11-23,90.01889678
2021-11-24,90.01889678
2021-11-25,90.01889678
2021-11-26,90.01889678
2021-11-27,90.01889678
2021-11-28,90.01889678
2021-11-29,90.01889678
2021-11-30,90.01889678
2021-12-01,93.27229947
2021-12-02,93.27229947
2021-12-03,93.27229947
2021-12-04,93.27229947
2021-12-05,93.27229947
2021-12-06,93.27229947
2021-12-07,93.27229947
2021-12-08,93.27229947
2021-12-09,93.27229947
2021-12-10,93.27229947
2021-12-11,93.27229947
2021-12-12,93.27229947
2021-12-13,93.27229947
2021-12-14,93.27229947
2021-12-15,93.27229947
2021-12-16,93.27229947
2021-12-17,93.27229947
2021-12-18,93.27229947
2021-12-19,93.27229947
2021-12-20,93.27229947
2021-12-21,93.27229947
2021-12-22,93.27229947
2021-12-23,93.27229947
2021-12-24,93.27229947
2021-12-25,93.27229947
2021-12-26,93.27229947
2021-12-27,93.27229947
2021-12-28,93.27229947
2021-12-29,93.27229947
2021-12-30,93.27229947
2021-12-31,93.27229947
2022-01-01,80.86164802
2022-01-02,80.86164802
2022-01-03,80.86164802
2022-01-04,80.86164802
2022-01-05,80.86164802
2022-01-06,80.86164802
2022-01-07,80.86164802
2022-01-08,80.86164802
2022-01-09,80.86164802
2022-01-10,80.86164802
2022-01-11,80.86164802
2022-01-12,80.86164802
2022-01-13,80.86164802
2022-01-14,80.86164802
2022-01-15,80.86164802
2022-01-16,80.86164802
2022-01-17,80.86164802
2022-01-18,80.86164802
2022-01-19,80.86164802
2022-01-20,80.86164802
2022-01-21,80.86164802
2022-01-22,80.86164802
2022-01-23,80.86164802
2022-01-24,80.86164802
2022-01-25,80.86164802
2022-01-26,80.86164802
2022-01-27,80.86164802
2022-01-28,80.86164802
2022-01-29,80.86164802
2022-01-30,80.86164802
2022-01-31,80.86164802
2022-02-01,69.90203124
2022-02-02,69.90203124
2022-02-03,69.90203124
2022-02-04,69.90203124
2022-02-05,69.90203124
2022-02-06,69.90203124
2022-02-07,69.90203124
2022-02-08,69.90203124
2022-02-09,69.90203124
2022-02-10,69.90203124
2022-02-11,69.90203124
2022-02-12,69.90203124
2022-02-13,69.90203124
2022-02-14,69.90203124
2022-02-15,69.90203124
2022-02-16,69.90203124
2022-02-17,69.90203124
2022-02-18,69.90203124
2022-02-19,69.90203124
2022-02-20,69.90203124
2022-02-21,69.90203124
2022-02-22,69.90203124
2022-02-23,69.90203124
2022-02-24,69.90203124
2022-02-25,69.90203124
2022-02-26,69.90203124
2022-02-27,69.90203124
2022-02-28,69.90203124
2022-03-01,143.5529104
2022-03-02,143.5529104
2022-03-03,143.5529104
2022-03-04,143.5529104
2022-03-05,143.5529104
2022-03-06,143.5529104
2022-03-07,143.5529104
2022-03-08,143.5529104
2022-03-09,143.5529104
2022-03-10,143.5529104
2022-03-11,143.5529104
2022-03-12,143.5529104
2022-03-13,143.5529104
2022-03-14,143.5529104
2022-03-15,143.5529104
2022-03-16,143.5529104
2022-03-17,143.5529104
2022-03-18,143.5529104
2022-03-19,143.5529104
2022-03-20,143.5529104
2022-03-21,143.5529104
2022-03-22,143.5529104
2022-03-23,143.5529104
2022-03-24,143.5529104
2022-03-25,143.5529104
2022-03-26,143.5529104
2022-03-27,143.5529104
2022-03-28,143.5529104
2022-03-29,143.5529104
2022-03-30,143.5529104
2022-03-31,143.5529104
2022-04-01,223.8286775
2022-04-02,223.8286775
2022-04-03,223.8286775
2022-04-04,223.8286775
2022-04-05,223.8286775
2022-04-06,223.8286775
2022-04-07,223.8286775
2022-04-08,223.8286775
2022-04-09,223.8286775
2022-04-10,223.8286775
2022-04-11,223.8286775
2022-04-12,223.8286775
2022-04-13,223.8286775
2022-04-14,223.8286775
2022-04-15,223.8286775
2022-04-16,223.8286775
2022-04-17,223.8286775
2022-04-18,223.8286775
2022-04-19,223.8286775
2022-04-20,223.8286775
2022-04-21,223.8286775
2022-04-22,223.8286775
2022-04-23,223.8286775
2022-04-24,223.8286775
2022-04-25,223.8286775
2022-04-26,223.8286775
2022-04-27,223.8286775
2022-04-28,223.8286775
2022-04-29,223.8286775
2022-04-30,223.8286775
2022-05-01,265.7473754
2022-05-02,265.7473754
2022-05-03,265.7473754
2022-05-04,265.7473754
2022-05-05,265.7473754
2022-05-06,265.7473754
2022-05-07,265.7473754
2022-05-08,265.7473754
2022-05-09,265.7473754
2022-05-10,265.7473754
2022-05-11,265.7473754
2022-05-12,265.7473754
2022-05-13,265.7473754
2022-05-14,265.7473754
2022-05-15,265.7473754
2022-05-16,265.7473754
2022-05-17,265.7473754
2022-05-18,265.7473754
2022-05-19,265.7473754
2022-05-20,265.7473754
2022-05-21,265.7473754
2022-05-22,265.7473754
2022-05-23,265.7473754
2022-05-24,265.7473754
2022-05-25,265.7473754
2022-05-26,265.7473754
2022-05-27,265.7473754
2022-05-28,265.7473754
2022-05-29,265.7473754
2022-05-30,265.7473754
2022-05-31,265.7473754
2022-06-01,158.9597372
2022-06-02,158.9597372
2022-06-03,158.9597372
2022-06-04,158.9597372
2022-06-05,158.9597372
2022-06-06,158.9597372
2022-06-07,158.9597372
2022-06-08,158.9597372
2022-06-09,158.9597372
2022-06-10,158.9597372
2022-06-11,158.9597372
2022-06-12,158.9597372
2022-06-13,158.9597372
2022-06-14,158.9597372
2022-06-15,158.9597372
2022-06-16,158.9597372
2022-06-17,158.9597372
2022-06-18,158.9597372
2022-06-19,158.9597372
2022-06-20,158.9597372
2022-06-21,158.9597372
2022-06-22,158.9597372
2022-06-23,158.9597372
2022-06-24,158.9597372
2022-06-25,158.9597372
2022-06-26,158.9597372
2022-06-27,158.9597372
2022-06-28,158.9597372
2022-06-29,158.9597372
2022-06-30,158.9597372
2022-07-01,229.1917707
2022-07-02,229.1917707
2022-07-03,229.1917707
2022-07-04,229.1917707
2022-07-05,229.1917707
2022-07-06,229.1917707
2022-07-07,229.1917707
2022-07-08,229.1917707
2022-07-09,229.1917707
2022-07-10,229.1917707
2022-07-11,229.1917707
2022-07-12,229.1917707
2022-07-13,229.1917707
2022-07-14,229.1917707
2022-07-15,229.1917707
2022-07-16,229.1917707
2022-07-17,229.1917707
2022-07-18,229.1917707
2022-07-19,229.1917707
2022-07-20,229.1917707
2022-07-21,229.1917707
2022-07-22,229.1917707
2022-07-23,229.1917707
2022-07-24,229.1917707
2022-07-25,229.1917707
2022-07-26,229.1917707
2022-07-27,229.1917707
2022-07-28,229.1917707
2022-07-29,229.1917707
2022-07-30,229.1917707
2022-07-31,229.1917707
2022-08-01,149.9616054
2022-08-02,149.9616054
2022-08-03,149.9616054
2022-08-04,149.9616054
2022-08-05,149.9616054
2022-08-06,149.9616054
2022-08-07,149.9616054
2022-08-08,149.9616054
2022-08-09,149.9616054
2022-08-10,149.9616054
2022-08-11,149.9616054
2022-08-12,149.9616054
2022-08-13,149.9616054
2022-08-14,149.9616054
2022-08-15,149.9616054
2022-08-16,149.9616054
2022-08-17,149.9616054
2022-08-18,149.9616054
2022-08-19,149.9616054
2022-08-20,149.9616054
2022-08-21,149.9616054
2022-08-22,149.9616054
2022-08-23,149.9616054
2022-08-24,149.9616054
2022-08-25,149.9616054
2022-08-26,149.9616054
2022-08-27,149.9616054
2022-08-28,149.9616054
2022-08-29,149.9616054
2022-08-30,149.9616054
2022-08-31,149.9616054
2022-09-01,114.5239745
2022-09-02,114.5239745
2022-09-03,114.5239745
2022-09-04,114.5239745
2022-09-05,114.5239745
2022-09-06,114.5239745
2022-09-07,114.5239745
2022-09-08,114.5239745
2022-09-09,114.5239745
2022-09-10,114.5239745
2022-09-11,114.5239745
2022-09-12,114.5239745
2022-09-13,114.5239745
2022-09-14,114.5239745
2022-09-15,114.5239745
2022-09-16,114.5239745
2022-09-17,114.5239745
2022-09-18,114.5239745
2022-09-19,114.5239745
2022-09-20,114.5239745
2022-09-21,114.5239745
2022-09-22,114.5239745
2022-09-23,114.5239745
2022-09-24,114.5239745
2022-09-25,114.5239745
2022-09-26,114.5239745
2022-09-27,114.5239745
2022-09-28,114.5239745
2022-09-29,114.5239745
2022-09-30,114.5239745
2022-10-01,113.7809131
2022-10-02,113.7809131
2022-10-03,113.7809131
2022-10-04,113.7809131
2022-10-05,113.7809131
2022-10-06,113.7809131
2022-10-07,113.7809131
2022-10-08,113.7809131
2022-10-09,113.7809131
2022-10-10,113.7809131
2022-10-11,113.7809131
2022-10-12,113.7809131
2022-10-13,113.7809131
2022-10-14,113.7809131
2022-10-15,113.7809131
2022-10-16,113.7809131
2022-10-17,113.7809131
2022-10-18,113.7809131
2022-10-19,113.7809131
2022-10-20,113.7809131
2022-10-21,113.7809131
2022-10-22,113.7809131
2022-10-23,113.7809131
2022-10-24,113.7809131
2022-10-25,113.7809131
2022-10-26,113.7809131
2022-10-27,113.7809131
2022-10-28,113.7809131
2022-10-29,113.7809131
2022-10-30,113.7809131
2022-10-31,113.7809131
2022-11-01,136.7210077
2022-11-02,136.7210077
2022-11-03,136.7210077
2022-11-04,136.7210077
2022-11-05,136.7210077
2022-11-06,136.7210077
2022-11-07,136.7210077
2022-11-08,136.7210077
2022-11-09,136.7210077
2022-11-10,136.7210077
2022-11-11,136.7210077
2022-11-12,136.7210077
2022-11-13,136.7210077
2022-11-14,136.7210077
2022-11-15,136.7210077
2022-11-16,136.7210077
2022-11-17,136.7210077
2022-11-18,136.7210077
2022-11-19,136.7210077
2022-11-20,136.7210077
2022-11-21,136.7210077
2022-11-22,136.7210077
2022-11-23,136.7210077
2022-11-24,136.7210077
2022-11-25,136.7210077
2022-11-26,136.7210077
2022-11-27,136.7210077
2022-11-28,136.7210077
2022-11-29,136.7210077
2022-11-30,136.7210077
2022-12-01,186.7853508
2022-12-02,186.7853508
2022-12-03,186.7853508
2022-12-04,186.7853508
2022-12-05,186.7853508
2022-12-06,186.7853508
2022-12-07,186.7853508
2022-12-08,186.7853508
2022-12-09,186.7853508
2022-12-10,186.7853508
2022-12-11,186.7853508
2022-12-12,186.7853508
2022-12-13,186.7853508
2022-12-14,186.7853508
2022-12-15,186.7853508
2022-12-16,186.7853508
2022-12-17,186.7853508
2022-12-18,186.7853508
2022-12-19,186.7853508
2022-12-20,186.7853508
2022-12-21,186.7853508
2022-12-22,186.7853508
2022-12-23,186.7853508
2022-12-24,186.7853508
2022-12-25,186.7853508
2022-12-26,186.7853508
2022-12-27,186.7853508
2022-12-28,186.7853508
2022-12-29,186.7853508
2022-12-30,186.7853508
2022-12-31,186.7853508
2023-01-01,187.3039
2023-01-02,187.3039
2023-01-03,187.3039
2023-01-04,187.3039
2023-01-05,187.3039
2023-01-06,187.3039
2023-01-07,187.3039
2023-01-08,187.3039
2023-01-09,187.3039
2023-01-10,187.3039
2023-01-11,187.3039
2023-01-12,187.3039
2023-01-13,187.3039
2023-01-14,187.3039
2023-01-15,187.3039
2023-01-16,187.3039
2023-01-17,187.3039
2023-01-18,187.3039
2023-01-19,187.3039
2023-01-20,187.3039
2023-01-21,187.3039
2023-01-22,187.3039
2023-01-23,187.3039
2023-01-24,187.3039
2023-01-25,187.3039
2023-01-26,187.3039
2023-01-27,187.3039
2023-01-28,187.3039
2023-01-29,187.3039
2023-01-30,187.3039
2023-01-31,187.3039
2023-02-01,141.9783095
2023-02-02,141.9783095
2023-02-03,141.9783095
2023-02-04,141.9783095
2023-02-05,141.9783095
2023-02-06,141.9783095
2023-02-07,141.9783095
2023-02-08,141.9783095
2023-02-09,141.9783095
2023-02-10,141.9783095
2023-02-11,141.9783095
2023-02-12,141.9783095
2023-02-13,141.9783095
2023-02-14,141.9783095
2023-02-15,141.9783095
2023-02-16,141.9783095
2023-02-17,141.9783095
2023-02-18,141.9783095
2023-02-19,141.9783095
2023-02-20,141.9783095
2023-02-21,141.9783095
2023-02-22,141.9783095
2023-02-23,141.9783095
2023-02-24,141.9783095
2023-02-25,141.9783095
2023-02-26,141.9783095
2023-02-27,141.9783095
2023-02-28,141.9783095
2023-03-01,130.799111
2023-03-02,130.799111
2023-03-03,130.799111
2023-03-04,130.799111
2023-03-05,130.799111
2023-03-06,130.799111
2023-03-07,130.799111
2023-03-08,130.799111
2023-03-09,130.799111
2023-03-10,130.799111
2023-03-11,130.799111
2023-03-12,130.799111
2023-03-13,130.799111
2023-03-14,130.799111
2023-03-15,130.799111
2023-03-16,130.799111
2023-03-17,130.799111
2023-03-18,130.799111
2023-03-19,130.799111
2023-03-20,130.799111
2023-03-21,130.799111
2023-03-22,130.799111
2023-03-23,130.799111
2023-03-24,130.799111
2023-03-25,130.799111
2023-03-26,130.799111
2023-03-27,130.799111
2023-03-28,130.799111
2023-03-29,130.799111
2023-03-30,130.799111
2023-03-31,130.799111
2023-04-01,169.1053942
2023-04-02,169.1053942
2023-04-03,169.1053942
2023-04-04,169.1053942
2023-04-05,169.1053942
2023-04-06,169.1053942
2023-04-07,169.1053942
2023-04-08,169.1053942
2023-04-09,169.1053942
2023-04-10,169.1053942
2023-04-11,169.1053942
2023-04-12,169.1053942
2023-04-13,169.1053942
2023-04-14,169.1053942
2023-04-15,169.1053942
2023-04-16,169.1053942
2023-04-17,169.1053942
2023-04-18,169.1053942
2023-04-19,169.1053942
2023-04-20,169.1053942
2023-04-21,169.1053942
2023-04-22,169.1053942
2023-04-23,169.1053942
2023-04-24,169.1053942
2023-04-25,169.1053942
2023-04-26,169.1053942
2023-04-27,169.1053942
2023-04-28,169.1053942
2023-04-29,169.1053942
2023-04-30,169.1053942
2023-05-01,179.003891
2023-05-02,179.003891
2023-05-03,179.003891
2023-05-04,179.003891
2023-05-05,179.003891
2023-05-06,179.003891
2023-05-07,179.003891
2023-05-08,179.003891
2023-05-09,179.003891
2023-05-10,179.003891
2023-05-11,179.003891
2023-05-12,179.003891
2023-05-13,179.003891
2023-05-14,179.003891
2023-05-15,179.003891
2023-05-16,179.003891
2023-05-17,179.003891
2023-05-18,179.003891
2023-05-19,179.003891
2023-05-20,179.003891
2023-05-21,179.003891
2023-05-22,179.003891
2023-05-23,179.003891
2023-05-24,179.003891
2023-05-25,179.003891
2023-05-26,179.003891
2023-05-27,179.003891
2023-05-28,179.003891
2023-05-29,179.003891
2023-05-30,179.003891
2023-05-31,179.003891
2023-06-01,169.9320113
2023-06-02,169.9320113
2023-06-03,169.9320113
2023-06-04,169.9320113
2023-06-05,169.9320113
2023-06-06,169.9320113
2023-06-07,169.9320113
2023-06-08,169.9320113
2023-06-09,169.9320113
2023-06-10,169.9320113
2023-06-11,169.9320113
2023-06-12,169.9320113
2023-06-13,169.9320113
2023-06-14,169.9320113
2023-06-15,169.9320113
2023-06-16,169.9320113
2023-06-17,169.9320113
2023-06-18,169.9320113
2023-06-19,169.9320113
2023-06-20,169.9320113
2023-06-21,169.9320113
2023-06-22,169.9320113
2023-06-23,169.9320113
2023-06-24,169.9320113
2023-06-25,169.9320113
2023-06-26,169.9320113
2023-06-27,169.9320113
2023-06-28,169.9320113
2023-06-29,169.9320113
2023-06-30,169.9320113
2023-07-01,156.9893752
2023-07-02,156.9893752
2023-07-03,156.9893752
2023-07-04,156.9893752
2023-07-05,156.9893752
2023-07-06,156.9893752
2023-07-07,156.9893752
2023-07-08,156.9893752
2023-07-09,156.9893752
2023-07-10,156.9893752
2023-07-11,156.9893752
2023-07-12,156.9893752
2023-07-13,156.9893752
2023-07-14,156.9893752
2023-07-15,156.9893752
2023-07-16,156.9893752
2023-07-17,156.9893752
2023-07-18,156.9893752
2023-07-19,156.9893752
2023-07-20,156.9893752
2023-07-21,156.9893752
2023-07-22,156.9893752
2023-07-23,156.9893752
2023-07-24,156.9893752
2023-07-25,156.9893752
2023-07-26,156.9893752
2023-07-27,156.9893752
2023-07-28,156.9893752
2023-07-29,156.9893752
2023-07-30,156.9893752
2023-07-31,156.9893752
2023-08-01,154.247266
2023-08-02,154.247266
2023-08-03,154.247266
2023-08-04,154.247266
2023-08-05,154.247266
2023-08-06,154.247266
2023-08-07,154.247266
2023-08-08,154.247266
2023-08-09,154.247266
2023-08-10,154.247266
2023-08-11,154.247266
2023-08-12,154.247266
2023-08-13,154.247266
2023-08-14,154.247266
2023-08-15,154.247266
2023-08-16,154.247266
2023-08-17,154.247266
2023-08-18,154.247266
2023-08-19,154.247266
2023-08-20,154.247266
2023-08-21,154.247266
2023-08-22,154.247266
2023-08-23,154.247266
2023-08-24,154.247266
2023-08-25,154.247266
2023-08-26,154.247266
2023-08-27,154.247266
2023-08-28,154.247266
2023-08-29,154.247266
2023-08-30,154.247266
2023-08-31,154.247266
2023-09-01,145.9118551
2023-09-02,145.9118551
2023-09-03,145.9118551
2023-09-04,145.9118551
2023-09-05,145.9118551
2023-09-06,145.9118551
2023-09-07,145.9118551
2023-09-08,145.9118551
2023-09-09,145.9118551
2023-09-10,145.9118551
2023-09-11,145.9118551
2023-09-12,145.9118551
2023-09-13,145.9118551
2023-09-14,145.9118551
2023-09-15,145.9118551
2023-09-16,145.9118551
2023-09-17,145.9118551
2023-09-18,145.9118551
2023-09-19,145.9118551
2023-09-20,145.9118551
2023-09-21,145.9118551
2023-09-22,145.9118551
2023-09-23,145.9118551
2023-09-24,145.9118551
2023-09-25,145.9118551
2023-09-26,145.9118551
2023-09-27,145.9118551
2023-09-28,145.9118551
2023-09-29,145.9118551
2023-09-30,145.9118551
2023-10-01,120.9276807
2023-10-02,120.9276807
2023-10-03,120.9276807
2023-10-04,120.9276807
2023-10-05,120.9276807
2023-10-06,120.9276807
2023-10-07,120.9276807
2023-10-08,120.9276807
2023-10-09,120.9276807
2023-10-10,120.9276807
2023-10-11,120.9276807
2023-10-12,120.9276807
2023-10-13,120.9276807
2023-10-14,120.9276807
2023-10-15,120.9276807
2023-10-16,120.9276807
2023-10-17,120.9276807
2023-10-18,120.9276807
2023-10-19,120.9276807
2023-10-20,120.9276807
2023-10-21,120.9276807
2023-10-22,120.9276807
2023-10-23,120.9276807
2023-10-24,120.9276807
2023-10-25,120.9276807
2023-10-26,120.9276807
2023-10-27,120.9276807
2023-10-28,120.9276807
2023-10-29,120.9276807
2023-10-30,120.9276807
2023-10-31,120.9276807
2023-11-01,95.21597915
2023-11-02,95.21597915
2023-11-03,95.21597915
2023-11-04,95.21597915
2023-11-05,95.21597915
2023-11-06,95.21597915
2023-11-07,95.21597915
2023-11-08,95.21597915
2023-11-09,95.21597915
2023-11-10,95.21597915
2023-11-11,95.21597915
2023-11-12,95.21597915
2023-11-13,95.21597915
2023-11-14,95.21597915
2023-11-15,95.21597915
2023-11-16,95.21597915
2023-11-17,95.21597915
2023-11-18,95.21597915
2023-11-19,95.21597915
2023-11-20,95.21597915
2023-11-21,95.21597915
2023-11-22,95.21597915
2023-11-23,95.21597915
2023-11-24,95.21597915
2023-11-25,95.21597915
2023-11-26,95.21597915
2023-11-27,95.21597915
2023-11-28,95.21597915
2023-11-29,95.21597915
2023-11-30,95.21597915
2023-12-01,117.9477336
2023-12-02,117.9477336
2023-12-03,117.9477336
2023-12-04,117.9477336
2023-12-05,117.9477336
2023-12-06,117.9477336
2023-12-07,117.9477336
2023-12-08,117.9477336
2023-12-09,117.9477336
2023-12-10,117.9477336
2023-12-11,117.9477336
2023-12-12,117.9477336
2023-12-13,117.9477336
2023-12-14,117.9477336
2023-12-15,117.9477336
2023-12-16,117.9477336
2023-12-17,117.9477336
2023-12-18,117.9477336
2023-12-19,117.9477336
2023-12-20,117.9477336
2023-12-21,117.9477336
2023-12-22,117.9477336
2023-12-23,117.9477336
2023-12-24,117.9477336
2023-12-25,117.9477336
2023-12-26,117.9477336
2023-12-27,117.9477336
2023-12-28,117.9477336
2023-12-29,117.9477336
2023-12-30,117.9477336
2023-12-31,117.9477336
2024-01-01,122.2527127
2024-01-02,122.2527127
2024-01-03,122.2527127
2024-01-04,122.2527127
2024-01-05,122.2527127
2024-01-06,122.2527127
2024-01-07,122.2527127
2024-01-08,122.2527127
2024-01-09,122.2527127
2024-01-10,122.2527127
2024-01-11,122.2527127
2024-01-12,122.2527127
2024-01-13,122.2527127
2024-01-14,122.2527127
2024-01-15,122.2527127
2024-01-16,122.2527127
2024-01-17,122.2527127
2024-01-18,122.2527127
2024-01-19,122.2527127
2024-01-20,122.2527127
2024-01-21,122.2527127
2024-01-22,122.2527127
2024-01-23,122.2527127
2024-01-24,122.2527127
2024-01-25,122.2527127
2024-01-26,122.2527127
2024-01-27,122.2527127
2024-01-28,122.2527127
2024-01-29,122.2527127
2024-01-30,122.2527127
2024-01-31,122.2527127
2024-02-01,261.2064508
2024-02-02,261.2064508
2024-02-03,261.2064508
2024-02-04,261.2064508
2024-02-05,261.2064508
2024-02-06,261.2064508
2024-02-07,261.2064508
2024-02-08,261.2064508
2024-02-09,261.2064508
2024-02-10,261.2064508
2024-02-11,261.2064508
2024-02-12,261.2064508
2024-02-13,261.2064508
2024-02-14,261.2064508
2024-02-15,261.2064508
2024-02-16,261.2064508
2024-02-17,261.2064508
2024-02-18,261.2064508
2024-02-19,261.2064508
2024-02-20,261.2064508
2024-02-21,261.2064508
2024-02-22,261.2064508
2024-02-23,261.2064508
2024-02-24,261.2064508
2024-02-25,261.2064508
2024-02-26,261.2064508
2024-02-27,261.2064508
2024-02-28,261.2064508
2024-02-29,261.2064508
2024-03-01,139.0906371
2024-03-02,139.0906371
2024-03-03,139.0906371
2024-03-04,139.0906371
2024-03-05,139.0906371
2024-03-06,139.0906371
2024-03-07,139.0906371
2024-03-08,139.0906371
2024-03-09,139.0906371
2024-03-10,139.0906371
2024-03-11,139.0906371
2024-03-12,139.0906371
2024-03-13,139.0906371
2024-03-14,139.0906371
2024-03-15,139.0906371
2024-03-16,139.0906371
2024-03-17,139.0906371
2024-03-18,139.0906371
2024-03-19,139.0906371
2024-03-20,139.0906371
2024-03-21,139.0906371
2024-03-22,139.0906371
2024-03-23,139.0906371
2024-03-24,139.0906371
2024-03-25,139.0906371
2024-03-26,139.0906371
2024-03-27,139.0906371
2024-03-28,139.0906371
2024-03-29,139.0906371
2024-03-30,139.0906371
2024-03-31,139.0906371
2024-04-01,110.1572024
2024-04-02,110.1572024
2024-04-03,110.1572024
2024-04-04,110.1572024
2024-04-05,110.1572024
2024-04-06,110.1572024
2024-04-07,110.1572024
2024-04-08,110.1572024
2024-04-09,110.1572024
2024-04-10,110.1572024
2024-04-11,110.1572024
2024-04-12,110.1572024
2024-04-13,110.1572024
2024-04-14,110.1572024
2024-04-15,110.1572024
2024-04-16,110.1572024
2024-04-17,110.1572024
2024-04-18,110.1572024
2024-04-19,110.1572024
2024-04-20,110.1572024
2024-04-21,110.1572024
2024-04-22,110.1572024
2024-04-23,110.1572024
2024-04-24,110.1572024
2024-04-25,110.1572024
2024-04-26,110.1572024
2024-04-27,110.1572024
2024-04-28,110.1572024
2024-04-29,110.1572024
2024-04-30,110.1572024
2024-05-01,124.4990454
2024-05-02,124.4990454
2024-05-03,124.4990454
2024-05-04,124.4990454
2024-05-05,124.4990454
2024-05-06,124.4990454
2024-05-07,124.4990454
2024-05-08,124.4990454
2024-05-09,124.4990454
2024-05-10,124.4990454
2024-05-11,124.4990454
2024-05-12,124.4990454
2024-05-13,124.4990454
2024-05-14,124.4990454
2024-05-15,124.4990454
2024-05-16,124.4990454
2024-05-17,124.4990454
2024-05-18,124.4990454
2024-05-19,124.4990454
2024-05-20,124.4990454
2024-05-21,124.4990454
2024-05-22,124.4990454
2024-05-23,124.4990454
2024-05-24,124.4990454
2024-05-25,124.4990454
2024-05-26,124.4990454
2024-05-27,124.4990454
2024-05-28,124.4990454
2024-05-29,124.4990454
2024-05-30,124.4990454
2024-05-31,124.4990454
2024-06-01,127.2334013
2024-06-02,127.2334013
2024-06-03,127.2334013
2024-06-04,127.2334013
2024-06-05,127.2334013
2024-06-06,127.2334013
2024-06-07,127.2334013
2024-06-08,127.2334013
2024-06-09,127.2334013
2024-06-10,127.2334013
2024-06-11,127.2334013
2024-06-12,127.2334013
2024-06-13,127.2334013
2024-06-14,127.2334013
2024-06-15,127.2334013
2024-06-16,127.2334013
2024-06-17,127.2334013
2024-06-18,127.2334013
2024-06-19,127.2334013
2024-06-20,127.2334013
2024-06-21,127.2334013
2024-06-22,127.2334013
2024-06-23,127.2334013
2024-06-24,127.2334013
2024-06-25,127.2334013
2024-06-26,127.2334013
2024-06-27,127.2334013
2024-06-28,127.2334013
2024-06-29,127.2334013
2024-06-30,127.2334013
2024-07-01,118.5104542
2024-07-02,118.5104542
2024-07-03,118.5104542
2024-07-04,118.5104542
2024-07-05,118.5104542
2024-07-06,118.5104542
2024-07-07,118.5104542
2024-07-08,118.5104542
2024-07-09,118.5104542
2024-07-10,118.5104542
2024-07-11,118.5104542
2024-07-12,118.5104542
2024-07-13,118.5104542
2024-07-14,118.5104542
2024-07-15,118.5104542
2024-07-16,118.5104542
2024-07-17,118.5104542
2024-07-18,118.5104542
2024-07-19,118.5104542
2024-07-20,118.5104542
2024-07-21,118.5104542
2024-07-22,118.5104542
2024-07-23,118.5104542
2024-07-24,118.5104542
2024-07-25,118.5104542
2024-07-26,118.5104542
2024-07-27,118.5104542
2024-07-28,118.5104542
2024-07-29,118.5104542
2024-07-30,118.5104542
2024-07-31,118.5104542
2024-08-01,131.3805846
2024-08-02,131.3805846
2024-08-03,131.3805846
2024-08-04,131.3805846
2024-08-05,131.3805846
2024-08-06,131.3805846
2024-08-07,131.3805846
2024-08-08,131.3805846
2024-08-09,131.3805846
2024-08-10,131.3805846
2024-08-11,131.3805846
2024-08-12,131.3805846
2024-08-13,131.3805846
2024-08-14,131.3805846
2024-08-15,131.3805846
2024-08-16,131.3805846
2024-08-17,131.3805846
2024-08-18,131.3805846
2024-08-19,131.3805846
2024-08-20,131.3805846
2024-08-21,131.3805846
2024-08-22,131.3805846
2024-08-23,131.3805846
2024-08-24,131.3805846
2024-08-25,131.3805846
2024-08-26,131.3805846
2024-08-27,131.3805846
2024-08-28,131.3805846
2024-08-29,131.3805846
2024-08-30,131.3805846
2024-08-31,131.3805846
2024-09-01,126.253775
2024-09-02,126.253775
2024-09-03,126.253775
2024-09-04,126.253775
2024-09-05,126.253775
2024-09-06,126.253775
2024-09-07,126.253775
2024-09-08,126.253775
2024-09-09,126.253775
2024-09-10,126.253775
2024-09-11,126.253775
2024-09-12,126.253775
2024-09-13,126.253775
2024-09-14,126.253775
2024-09-15,126.253775
2024-09-16,126.253775
2024-09-17,126.253775
2024-09-18,126.253775
2024-09-19,126.253775
2024-09-20,126.253775
2024-09-21,126.253775
2024-09-22,126.253775
2024-09-23,126.253775
2024-09-24,126.253775
2024-09-25,126.253775
2024-09-26,126.253775
2024-09-27,126.253775
2024-09-28,126.253775
2024-09-29,126.253775
2024-09-30,126.253775
2024-10-01,113.8742981
2024-10-02,113.8742981
2024-10-03,113.8742981
2024-10-04,113.8742981
2024-10-05,113.8742981
2024-10-06,113.8742981
2024-10-07,113.8742981
2024-10-08,113.8742981
2024-10-09,113.8742981
2024-10-10,113.8742981
2024-10-11,113.8742981
2024-10-12,113.8742981
2024-10-13,113.8742981
2024-10-14,113.8742981
2024-10-15,113.8742981
2024-10-16,113.8742981
2024-10-17,113.8742981
2024-10-18,113.8742981
2024-10-19,113.8742981
2024-10-20,113.8742981
2024-10-21,113.8742981
2024-10-22,113.8742981
2024-10-23,113.8742981
2024-10-24,113.8742981
2024-10-25,113.8742981
2024-10-26,113.8742981
2024-10-27,113.8742981
2024-10-28,113.8742981
2024-10-29,113.8742981
2024-10-30,113.8742981
2024-10-31,113.8742981
2024-11-01,122.7524758
2024-11-02,122.7524758
2024-11-03,122.7524758
2024-11-04,122.7524758
2024-11-05,122.7524758
2024-11-06,122.7524758
2024-11-07,122.7524758
2024-11-08,122.7524758
2024-11-09,122.7524758
2024-11-10,122.7524758
2024-11-11,122.7524758
2024-11-12,122.7524758
2024-11-13,122.7524758
2024-11-14,122.7524758
2024-11-15,122.7524758
2024-11-16,122.7524758
2024-11-17,122.7524758
2024-11-18,122.7524758
2024-11-19,122.7524758
2024-11-20,122.7524758
2024-11-21,122.7524758
2024-11-22,122.7524758
2024-11-23,122.7524758
2024-11-24,122.7524758
2024-11-25,122.7524758
2024-11-26,122.7524758
2024-11-27,122.7524758
2024-11-28,122.7524758
2024-11-29,122.7524758
2024-11-30,122.7524758
2024-12-01,132.0735526
2024-12-02,132.0735526
2024-12-03,132.0735526
2024-12-04,132.0735526
2024-12-05,132.0735526
2024-12-06,132.0735526
2024-12-07,132.0735526
2024-12-08,132.0735526
2024-12-09,132.0735526
2024-12-10,132.0735526
2024-12-11,132.0735526
2024-12-12,132.0735526
2024-12-13,132.0735526
2024-12-14,132.0735526
2024-12-15,132.0735526
2024-12-16,132.0735526
2024-12-17,132.0735526
2024-12-18,132.0735526
2024-12-19,132.0735526
2024-12-20,132.0735526
2024-12-21,132.0735526
2024-12-22,132.0735526
2024-12-23,132.0735526
2024-12-24,132.0735526
2024-12-25,132.0735526
2024-12-26,132.0735526
2024-12-27,132.0735526
2024-12-28,132.0735526
2024-12-29,132.0735526
2024-12-30,132.0735526
2024-12-31,132.0735526
2025-01-01,144.4994152
2025-01-02,144.4994152
2025-01-03,144.4994152
2025-01-04,144.4994152
2025-01-05,144.4994152
2025-01-06,144.4994152
2025-01-07,144.4994152
2025-01-08,144.4994152
2025-01-09,144.4994152
2025-01-10,144.4994152
2025-01-11,144.4994152
2025-01-12,144.4994152
2025-01-13,144.4994152
2025-01-14,144.4994152
2025-01-15,144.4994152
2025-01-16,144.4994152
2025-01-17,144.4994152
2025-01-18,144.4994152
2025-01-19,144.4994152
2025-01-20,144.4994152
2025-01-21,144.4994152
2025-01-22,144.4994152
2025-01-23,144.4994152
2025-01-24,144.4994152
2025-01-25,144.4994152
2025-01-26,144.4994152
2025-01-27,144.4994152
2025-01-28,144.4994152
2025-01-29,144.4994152
2025-01-30,144.4994152
2025-01-31,144.4994152
2025-02-01,164.8612309
2025-02-02,164.8612309
2025-02-03,164.8612309
2025-02-04,164.8612309
2025-02-05,164.8612309
2025-02-06,164.8612309
2025-02-07,164.8612309
2025-02-08,164.8612309
2025-02-09,164.8612309
2025-02-10,164.8612309
2025-02-11,164.8612309
2025-02-12,164.8612309
2025-02-13,164.8612309
2025-02-14,164.8612309
2025-02-15,164.8612309
2025-02-16,164.8612309
2025-02-17,164.8612309
2025-02-18,164.8612309
2025-02-19,164.8612309
2025-02-20,164.8612309
2025-02-21,164.8612309
2025-02-22,164.8612309
2025-02-23,164.8612309
2025-02-24,164.8612309
2025-02-25,164.8612309
2025-02-26,164.8612309
2025-02-27,164.8612309
2025-02-28,164.8612309
2025-03-01,181.6874007
2025-03-02,181.6874007
2025-03-03,181.6874007
2025-03-04,181.6874007
2025-03-05,181.6874007
2025-03-06,181.6874007
2025-03-07,181.6874007
2025-03-08,181.6874007
2025-03-09,181.6874007
2025-03-10,181.6874007
2025-03-11,181.6874007
2025-03-12,181.6874007
2025-03-13,181.6874007
2025-03-14,181.6874007
2025-03-15,181.6874007
2025-03-16,181.6874007
2025-03-17,181.6874007
2025-03-18,181.6874007
2025-03-19,181.6874007
2025-03-20,181.6874007
2025-03-21,181.6874007
2025-03-22,181.6874007
2025-03-23,181.6874007
2025-03-24,181.6874007
2025-03-25,181.6874007
2025-03-26,181.6874007
2025-03-27,181.6874007
2025-03-28,181.6874007
2025-03-29,181.6874007
2025-03-30,181.6874007
2025-03-31,181.6874007
2025-04-01,203.5403948
2025-04-02,203.5403948
2025-04-03,203.5403948
2025-04-04,203.5403948
2025-04-05,203.5403948
2025-04-06,203.5403948
2025-04-07,203.5403948
2025-04-08,203.5403948
2025-04-09,203.5403948
2025-04-10,203.5403948
2025-04-11,203.5403948
2025-04-12,203.5403948
2025-04-13,203.5403948
2025-04-14,203.5403948
2025-04-15,203.5403948
2025-04-16,203.5403948
2025-04-17,203.5403948
2025-04-18,203.5403948
2025-04-19,203.5403948
2025-04-20,203.5403948
2025-04-21,203.5403948
2025-04-22,203.5403948
2025-04-23,203.5403948
2025-04-24,203.5403948
2025-04-25,203.5403948
2025-04-26,203.5403948
2025-04-27,203.5403948
2025-04-28,203.5403948
2025-04-29,203.5403948
2025-04-30,203.5403948
2025-05-01,181.0281652
2025-05-02,181.0281652
2025-05-03,181.0281652
2025-05-04,181.0281652
2025-05-05,181.0281652
2025-05-06,181.0281652
2025-05-07,181.0281652
2025-05-08,181.0281652
2025-05-09,181.0281652
2025-05-10,181.0281652
2025-05-11,181.0281652
2025-05-12,181.0281652
2025-05-13,181.0281652
2025-05-14,181.0281652
2025-05-15,181.0281652
2025-05-16,181.0281652
2025-05-17,181.0281652
2025-05-18,181.0281652
2025-05-19,181.0281652
2025-05-20,181.0281652
2025-05-21,181.0281652
2025-05-22,181.0281652
2025-05-23,181.0281652
2025-05-24,181.0281652
2025-05-25,181.0281652
2025-05-26,181.0281652
2025-05-27,181.0281652
2025-05-28,181.0281652
2025-05-29,181.0281652
2025-05-30,181.0281652
2025-05-31,181.0281652
2025-06-01,214.9477235
2025-06-02,214.9477235
2025-06-03,214.9477235
2025-06-04,214.9477235
2025-06-05,214.9477235
2025-06-06,214.9477235
2025-06-07,214.9477235
2025-06-08,214.9477235
2025-06-09,214.9477235
2025-06-10,214.9477235
2025-06-11,214.9477235
2025-06-12,214.9477235
2025-06-13,214.9477235
2025-06-14,214.9477235
2025-06-15,214.9477235
2025-06-16,214.9477235
2025-06-17,214.9477235
2025-06-18,214.9477235
2025-06-19,214.9477235
2025-06-20,214.9477235
2025-06-21,214.9477235
2025-06-22,214.9477235
2025-06-23,214.9477235
2025-06-24,214.9477235
2025-06-25,214.9477235
2025-06-26,214.9477235
2025-06-27,214.9477235
2025-06-28,214.9477235
2025-06-29,214.9477235
2025-06-30,214.9477235
2025-07-01,147.5905812
2025-07-02,147.5905812
2025-07-03,147.5905812
2025-07-04,147.5905812
2025-07-05,147.5905812
2025-07-06,147.5905812
2025-07-07,147.5905812
2025-07-08,147.5905812
2025-07-09,147.5905812
2025-07-10,147.5905812
2025-07-11,147.5905812
2025-07-12,147.5905812
2025-07-13,147.5905812
2025-07-14,147.5905812
2025-07-15,147.5905812
2025-07-16,147.5905812
2025-07-17,147.5905812
2025-07-18,147.5905812
2025-07-19,147.5905812
2025-07-20,147.5905812
2025-07-21,147.5905812
2025-07-22,147.5905812
2025-07-23,147.5905812
2025-07-24,147.5905812
2025-07-25,147.5905812
2025-07-26,147.5905812
2025-07-27,147.5905812
2025-07-28,147.5905812
2025-07-29,147.5905812
2025-07-30,147.5905812
2025-07-31,147.5905812
2025-08-01,152.1603136
2025-08-02,152.1603136
2025-08-03,152.1603136
2025-08-04,152.1603136
2025-08-05,152.1603136
2025-08-06,152.1603136
2025-08-07,152.1603136
2025-08-08,152.1603136
2025-08-09,152.1603136
2025-08-10,152.1603136
2025-08-11,152.1603136
2025-08-12,152.1603136
2025-08-13,152.1603136
2025-08-14,152.1603136
2025-08-15,152.1603136
2025-08-16,152.1603136
2025-08-17,152.1603136
2025-08-18,152.1603136
2025-08-19,152.1603136
2025-08-20,152.1603136
2025-08-21,152.1603136
2025-08-22,152.1603136
2025-08-23,152.1603136
2025-08-24,152.1603136
2025-08-25,152.1603136
2025-08-26,152.1603136
2025-08-27,152.1603136
2025-08-28,152.1603136
2025-08-29,152.1603136
2025-08-30,152.1603136
2025-08-31,152.1603136
2025-09-01,150.6103912
2025-09-02,150.6103912
2025-09-03,150.6103912
2025-09-04,150.6103912
2025-09-05,150.6103912
2025-09-06,150.6103912
2025-09-07,150.6103912
2025-09-08,150.6103912
2025-09-09,150.6103912
2025-09-10,150.6103912
2025-09-11,150.6103912
2025-09-12,150.6103912
2025-09-13,150.6103912
2025-09-14,150.6103912
2025-09-15,150.6103912
2025-09-16,150.6103912
2025-09-17,150.6103912
2025-09-18,150.6103912
2025-09-19,150.6103912
2025-09-20,150.6103912
2025-09-21,150.6103912
2025-09-22,150.6103912
2025-09-23,150.6103912
2025-09-24,150.6103912
2025-09-25,150.6103912
2025-09-26,150.6103912
2025-09-27,150.6103912
2025-09-28,150.6103912
2025-09-29,150.6103912
2025-09-30,150.6103912
2025-10-01,193.6757706
2025-10-02,193.6757706
2025-10-03,193.6757706
2025-10-04,193.6757706
2025-10-05,193.6757706
2025-10-06,193.6757706
2025-10-07,193.6757706
2025-10-08,193.6757706
2025-10-09,193.6757706
2025-10-10,193.6757706
2025-10-11,193.6757706
2025-10-12,193.6757706
2025-10-13,193.6757706
2025-10-14,193.6757706
2025-10-15,193.6757706
2025-10-16,193.6757706
2025-10-17,193.6757706
2025-10-18,193.6757706
2025-10-19,193.6757706
2025-10-20,193.6757706
2025-10-21,193.6757706
2025-10-22,193.6757706
2025-10-23,193.6757706
2025-10-24,193.6757706
2025-10-25,193.6757706
2025-10-26,193.6757706
2025-10-27,193.6757706
2025-10-28,193.6757706
2025-10-29,193.6757706
2025-10-30,193.6757706
2025-10-31,193.6757706
2025-11-01,154.5614987
2025-11-02,154.5614987
2025-11-03,154.5614987
2025-11-04,154.5614987
2025-11-05,154.5614987
2025-11-06,154.5614987
2025-11-07,154.5614987
2025-11-08,154.5614987
2025-11-09,154.5614987
2025-11-10,154.5614987
2025-11-11,154.5614987
2025-11-12,154.5614987
2025-11-13,154.5614987
2025-11-14,154.5614987
2025-11-15,154.5614987
2025-11-16,154.5614987
2025-11-17,154.5614987
2025-11-18,154.5614987
2025-11-19,154.5614987
2025-11-20,154.5614987
2025-11-21,154.5614987
2025-11-22,154.5614987
2025-11-23,154.5614987
2025-11-24,154.5614987
2025-11-25,154.5614987
2025-11-26,154.5614987
2025-11-27,154.5614987
2025-11-28,154.5614987
2025-11-29,154.5614987
2025-11-30,154.5614987
2025-12-01,183.5140849
2025-12-02,183.5140849
2025-12-03,183.5140849
2025-12-04,183.5140849
2025-12-05,183.5140849
2025-12-06,183.5140849
2025-12-07,183.5140849
2025-12-08,183.5140849
2025-12-09,183.5140849
2025-12-10,183.5140849
2025-12-11,183.5140849
2025-12-12,183.5140849
2025-12-13,183.5140849
2025-12-14,183.5140849
2025-12-15,183.5140849
2025-12-16,183.5140849
2025-12-17,183.5140849
2025-12-18,183.5140849
2025-12-19,183.5140849
2025-12-20,183.5140849
2025-12-21,183.5140849
2025-12-22,183.5140849
2025-12-23,183.5140849
2025-12-24,183.5140849
2025-12-25,183.5140849
2025-12-26,183.5140849
2025-12-27,183.5140849
2025-12-28,183.5140849
2025-12-29,183.5140849
2025-12-30,183.5140849
2025-12-31,183.5140849
2026-01-01,217.4340255
2026-01-02,217.4340255
2026-01-03,217.4340255
2026-01-04,217.4340255
2026-01-05,217.4340255
2026-01-06,217.4340255
2026-01-07,217.4340255
2026-01-08,217.4340255
2026-01-09,217.4340255
2026-01-10,217.4340255
2026-01-11,217.4340255
2026-01-12,217.4340255
2026-01-13,217.4340255
2026-01-14,217.4340255
2026-01-15,217.4340255
2026-01-16,217.4340255
2026-01-17,217.4340255
2026-01-18,217.4340255
2026-01-19,217.4340255
2026-01-20,217.4340255
2026-01-21,217.4340255
2026-01-22,217.4340255
2026-01-23,217.4340255
2026-01-24,217.4340255
2026-01-25,217.4340255
2026-01-26,217.4340255
2026-01-27,217.4340255
2026-01-28,217.4340255
2026-01-29,217.4340255
2026-01-30,217.4340255
2026-01-31,217.4340255
2026-02-01,217.4340255
2026-02-02,217.4340255
2026-02-03,217.4340255
2026-02-04,217.4340255
2026-02-05,217.4340255
2026-02-06,217.4340255
2026-02-07,217.4340255
2026-02-08,217.4340255
2026-02-09,217.4340255
2026-02-10,217.4340255
2026-02-11,217.4340255
2026-02-12,217.4340255
2026-02-13,217.4340255
2026-02-14,217.4340255
2026-02-15,217.4340255
2026-02-16,217.4340255
2026-02-17,217.4340255
2026-02-18,217.4340255
2026-02-19,217.4340255
2026-02-20,217.4340255
2026-02-21,217.4340255
2026-02-22,217.4340255
2026-02-23,217.4340255
2026-02-24,217.4340255
2026-02-25,217.4340255
2026-02-26,217.4340255
2026-02-27,217.4340255
2026-02-28,217.4340255
2026-03-01,217.4340255
2026-03-02,217.4340255
2026-03-03,217.4340255
2026-03-04,217.4340255
2026-03-05,217.4340255
2026-03-06,217.4340255
2026-03-07,217.4340255
2026-03-08,217.4340255
2026-03-09,217.4340255
2026-03-10,217.4340255
2026-03-11,217.4340255
2026-03-12,217.4340255
2026-03-13,217.4340255
2026-03-14,217.4340255
2026-03-15,217.4340255
2026-03-16,217.4340255
2026-03-17,217.4340255
2026-03-18,217.4340255
2026-03-19,217.4340255
2026-03-20,217.4340255
2026-03-21,217.4340255
2026-03-22,217.4340255
2026-03-23,217.4340255
2026-03-24,217.4340255
2026-03-25,217.4340255
2026-03-26,217.4340255
2026-03-27,217.4340255
2026-03-28,217.4340255
2026-03-29,217.4340255
2026-03-30,217.4340255
2026-03-31,217.4340255
2026-04-01,217.4340255
2026-04-02,217.4340255
2026-04-03,217.4340255
2026-04-04,217.4340255
2026-04-05,217.4340255
2026-04-06,217.4340255
2026-04-07,217.4340255
2026-04-08,217.4340255
2026-04-09,217.4340255
2026-04-10,217.4340255
2026-04-11,217.4340255
2026-04-12,217.4340255
2026-04-13,217.4340255
2026-04-14,217.4340255
2026-04-15,217.4340255
2026-04-16,217.4340255
2026-04-17,217.4340255
2026-04-18,217.4340255
2026-04-19,217.4340255
2026-04-20,217.4340255
2026-04-21,217.4340255
2026-04-22,217.4340255
2026-04-23,217.4340255
2026-04-24,217.4340255
2026-04-25,217.4340255
2026-04-26,217.4340255
2026-04-27,217.4340255
2026-04-28,217.4340255
2026-04-29,217.4340255
2026-04-30,217.4340255
2026-05-01,217.4340255
2026-05-02,217.4340255
2026-05-03,217.4340255
2026-05-04,217.4340255
2026-05-05,217.4340255
2026-05-06,217.4340255
2026-05-07,217.4340255
2026-05-08,217.4340255
2026-05-09,217.4340255
2026-05-10,217.4340255
2026-05-11,217.4340255
2026-05-12,217.4340255
2026-05-13,217.4340255
2026-05-14,217.4340255
2026-05-15,217.4340255
2026-05-16,217.4340255
2026-05-17,217.4340255
2026-05-18,217.4340255
2026-05-19,217.4340255
2026-05-20,217.4340255
2026-05-21,217.4340255
2026-05-22,217.4340255
2026-05-23,217.4340255
2026-05-24,217.4340255
2026-05-25,217.4340255
2026-05-26,217.4340255
2026-05-27,217.4340255
2026-05-28,217.4340255
2026-05-29,217.4340255
2026-05-30,217.4340255
2026-05-31,217.4340255
2026-06-01,217.4340255
2026-06-02,217.4340255
2026-06-03,217.4340255
2026-06-04,217.4340255
2026-06-05,217.4340255
2026-06-06,217.4340255
2026-06-07,217.4340255
2026-06-08,217.4340255
2026-06-09,217.4340255
2026-06-10,217.4340255
2026-06-11,217.4340255
2026-06-12,217.4340255
2026-06-13,217.4340255
2026-06-14,217.4340255
2026-06-15,217.4340255
2026-06-16,217.4340255
2026-06-17,217.4340255
2026-06-18,217.4340255
2026-06-19,217.4340255
2026-06-20,217.4340255
2026-06-21,217.4340255
2026-06-22,217.4340255
2026-06-23,217.4340255
2026-06-24,217.4340255
2026-06-25,217.4340255
2026-06-26,217.4340255
2026-06-27,217.4340255
2026-06-28,217.4340255
2026-06-29,217.4340255
2026-06-30,217.4340255
2026-07-01,217.4340255
2026-07-02,217.4340255
2026-07-03,217.4340255
2026-07-04,217.4340255
2026-07-05,217.4340255
2026-07-06,217.4340255
2026-07-07,217.4340255
2026-07-08,217.4340255
2026-07-09,217.4340255
2026-07-10,217.4340255
2026-07-11,217.4340255
2026-07-12,217.4340255
2026-07-13,217.4340255
2026-07-14,217.4340255
2026-07-15,217.4340255
2026-07-16,217.4340255
2026-07-17,217.4340255
2026-07-18,217.4340255
2026-07-19,217.4340255
2026-07-20,217.4340255
2026-07-21,217.4340255
2026-07-22,217.4340255
2026-07-23,217.4340255
2026-07-24,217.4340255
2026-07-25,217.4340255
2026-07-26,217.4340255
2026-07-27,217.4340255
2026-07-28,217.4340255
2026-07-29,217.4340255
2026-07-30,217.4340255
2026-07-31,217.4340255
2026-08-01,217.4340255
2026-08-02,217.4340255
2026-08-03,217.4340255
2026-08-04,217.4340255
2026-08-05,217.4340255
2026-08-06,217.4340255
2026-08-07,217.4340255
2026-08-08,217.4340255
2026-08-09,217.4340255
2026-08-10,217.4340255
2026-08-11,217.4340255
2026-08-12,217.4340255
2026-08-13,217.4340255
2026-08-14,217.4340255
2026-08-15,217.4340255
2026-08-16,217.4340255
2026-08-17,217.4340255
2026-08-18,217.4340255